firstname,firstname_length,proba_man,proba_female,total
marie antoinette,16,0.0,100.0,7563.0
pierre alexandre,16,100.0,0.0,3205.0
marie bernadette,16,0.0,100.0,2304.0
marie emmanuelle,16,0.0,100.0,1194.0
marie christine,15,0.0,100.0,75398.0
jean christophe,15,100.0,0.0,31987.0
marie francoise,15,0.0,100.0,28074.0
marie madeleine,15,0.0,100.0,12469.0
francois xavier,15,100.0,0.0,7285.0
marie dominique,15,0.0,100.0,5540.0
marie charlotte,15,0.0,100.0,4262.0
marie catherine,15,0.0,100.0,3582.0
pierre emmanuel,15,100.0,0.0,3223.0
marie elisabeth,15,0.0,100.0,2634.0
pierre francois,15,100.0,0.0,1804.0
marie gabrielle,15,0.0,100.0,1596.0
charles edouard,15,100.0,0.0,1210.0
marie josephine,15,0.0,100.0,1024.0
_prenoms_rares,14,48.34,51.66,1653266.0
jean sebastien,14,100.0,0.0,5195.0
anne charlotte,14,0.0,100.0,4184.0
pierre antoine,14,100.0,0.0,4087.0
marie laurence,14,0.0,100.0,3749.0
marie caroline,14,0.0,100.0,2448.0
pierre olivier,14,100.0,0.0,2220.0
anne catherine,14,0.0,100.0,1974.0
anne francoise,14,0.0,100.0,1825.0
marie isabelle,14,0.0,100.0,1614.0
jean dominique,14,100.0,0.0,1564.0
jean christian,14,100.0,0.0,1312.0
anne christine,14,0.0,100.0,1125.0
jean francois,13,100.0,0.0,99697.0
marie therese,13,0.0,100.0,89158.0
jean baptiste,13,99.82,0.18,49075.0
jean philippe,13,100.0,0.0,45889.0
marie josephe,13,0.0,100.0,11203.0
marie chantal,13,0.0,100.0,4904.0
mohamed amine,13,100.0,0.0,4271.0
marie pascale,13,0.0,100.0,2586.0
charles henri,13,100.0,0.0,1876.0
jean emmanuel,13,100.0,0.0,1245.0
marie martine,13,0.0,100.0,1194.0
marie claude,12,0.08,99.92,57611.0
marie france,12,0.0,100.0,53935.0
jean jacques,12,100.0,0.0,53825.0
marie louise,12,0.0,100.0,48815.0
marie helene,12,0.0,100.0,37810.0
marie claire,12,0.0,100.0,36003.0
marie pierre,12,0.32,99.68,31744.0
marie noelle,12,0.0,100.0,21342.0
marie jeanne,12,0.0,100.0,19638.0
jean charles,12,100.0,0.0,19385.0
jean bernard,12,100.0,0.0,8893.0
marie annick,12,0.0,100.0,7280.0
pierre louis,12,100.0,0.0,6167.0
marie cecile,12,0.0,100.0,5598.0
marc antoine,12,100.0,0.0,5379.0
marie andree,12,0.0,100.0,4670.0
pierre marie,12,100.0,0.0,3813.0
jeanne marie,12,0.0,100.0,3226.0
marie amelie,12,0.0,100.0,2504.0
marie joelle,12,0.0,100.0,2434.0
marie sophie,12,0.0,100.0,2377.0
jean patrick,12,100.0,0.0,2318.0
pierre henri,12,100.0,0.0,2285.0
marie joseph,12,19.61,80.39,2269.0
marie celine,12,0.0,100.0,2164.0
abderrahmane,12,100.0,0.0,1833.0
maximilienne,12,0.0,100.0,1772.0
pierre alain,12,100.0,0.0,1749.0
marie yvonne,12,0.0,100.0,1592.0
jean gabriel,12,100.0,0.0,1570.0
marie astrid,12,0.0,100.0,1501.0
annie claude,12,0.0,100.0,1386.0
jean maurice,12,100.0,0.0,1379.0
jean laurent,12,100.0,0.0,1284.0
pierre andre,12,100.0,0.0,1282.0
marie angele,12,0.0,100.0,1267.0
claire marie,12,0.0,100.0,1154.0
paul antoine,12,100.0,0.0,1134.0
fatima zahra,12,0.0,100.0,1087.0
scholastique,12,22.71,77.29,1079.0
jean nicolas,12,100.0,0.0,1051.0
jean pierre,11,100.0,0.0,214563.0
jean claude,11,100.0,0.0,173509.0
jean michel,11,100.0,0.0,86584.0
christopher,11,100.0,0.0,38428.0
marie laure,11,0.0,100.0,35404.0
anne sophie,11,0.0,100.0,32464.0
marie paule,11,0.0,100.0,19019.0
alexandrine,11,0.0,100.0,14065.0
marie odile,11,0.0,100.0,10363.0
pierre yves,11,100.0,0.0,9259.0
marie josee,11,0.0,100.0,8936.0
christianne,11,0.0,100.0,7949.0
marie agnes,11,0.0,100.0,7596.0
anne claire,11,0.0,100.0,6127.0
jean pascal,11,100.0,0.0,4877.0
anne cecile,11,0.0,100.0,4292.0
guillemette,11,0.0,100.0,4016.0
pierre jean,11,100.0,0.0,3436.0
anne gaelle,11,0.0,100.0,2970.0
jean daniel,11,100.0,0.0,2912.0
marie reine,11,0.0,100.0,2399.0
mohamed ali,11,100.0,0.0,2172.0
louis marie,11,100.0,0.0,2016.0
nathanaelle,11,0.0,100.0,1864.0
marie renee,11,0.0,100.0,1823.0
jean robert,11,100.0,0.0,1804.0
melissandre,11,0.0,100.0,1717.0
jean hugues,11,100.0,0.0,1631.0
jean joseph,11,100.0,0.0,1626.0
marie alice,11,0.0,100.0,1556.0
jean benoit,11,100.0,0.0,1250.0
jean marcel,11,100.0,0.0,1111.0
marie aline,11,0.0,100.0,1091.0
marie elise,11,0.0,100.0,1077.0
charlemagne,11,90.21,9.79,1062.0
christophe,10,99.97,0.03,376082.0
jacqueline,10,0.0,100.0,372507.0
marguerite,10,0.06,99.94,271274.0
christiane,10,0.0,100.0,259531.0
christelle,10,0.0,100.0,155755.0
bernadette,10,0.0,100.0,141520.0
anne marie,10,0.0,100.0,100276.0
jean marie,10,100.0,0.0,86702.0
jean louis,10,100.0,0.0,80453.0
emmanuelle,10,0.0,100.0,80277.0
antoinette,10,0.0,100.0,72566.0
mauricette,10,0.0,100.0,52818.0
frederique,10,0.72,99.28,50366.0
clementine,10,0.0,100.0,37728.0
marie jose,10,0.1,99.9,34885.0
anne laure,10,0.0,100.0,20456.0
gwendoline,10,0.0,100.0,20317.0
marie ange,10,0.33,99.67,16808.0
marie line,10,0.0,100.0,16264.0
alphonsine,10,0.0,100.0,13351.0
marie rose,10,0.0,100.0,12527.0
marie anne,10,0.0,100.0,12016.0
maximilien,10,100.0,0.0,11907.0
rose marie,10,0.0,100.0,10769.0
abdelkader,10,100.0,0.0,10067.0
chrystelle,10,0.0,100.0,9971.0
marcelline,10,0.0,100.0,8793.0
priscillia,10,0.0,100.0,7947.0
etiennette,10,0.0,100.0,7673.0
barthelemy,10,97.5,2.5,7493.0
philippine,10,0.0,100.0,7215.0
magdeleine,10,0.0,100.0,6488.0
prescillia,10,0.0,100.0,5651.0
marjolaine,10,0.0,100.0,5191.0
francisque,10,99.16,0.84,4544.0
souleymane,10,100.0,0.0,4242.0
florentine,10,0.0,100.0,4195.0
baptistine,10,0.0,100.0,4159.0
constantin,10,100.0,0.0,3743.0
alessandro,10,100.0,0.0,3659.0
marie lise,10,0.0,100.0,3651.0
marie luce,10,0.0,100.0,2276.0
stanislawa,10,0.93,99.07,2263.0
felicienne,10,0.0,100.0,2203.0
jean denis,10,100.0,0.0,2183.0
leopoldine,10,0.0,100.0,2168.0
paquerette,10,0.0,100.0,1918.0
marie aude,10,0.0,100.0,1910.0
ambroisine,10,0.0,100.0,1831.0
enguerrand,10,100.0,0.0,1768.0
mariannick,10,0.0,100.0,1610.0
emmanuella,10,0.0,100.0,1573.0
jean david,10,100.0,0.0,1565.0
franceline,10,0.0,100.0,1558.0
abdelhakim,10,100.0,0.0,1519.0
abdelkarim,10,100.0,0.0,1511.0
petronille,10,8.05,91.95,1504.0
toussainte,10,0.0,100.0,1467.0
annonciade,10,0.0,100.0,1464.0
anna maria,10,0.0,100.0,1453.0
bernardine,10,0.0,100.0,1385.0
gwennaelle,10,0.0,100.0,1351.0
donatienne,10,0.0,100.0,1335.0
yves marie,10,100.0,0.0,1298.0
hildegarde,10,0.0,100.0,1291.0
conception,10,0.0,100.0,1283.0
maryannick,10,0.0,100.0,1198.0
laurentine,10,0.0,100.0,1153.0
noureddine,10,100.0,0.0,1131.0
lisa marie,10,0.0,100.0,1127.0
abdelhamid,10,100.0,0.0,1103.0
paul henri,10,100.0,0.0,1009.0
dominique,9,59.01,40.99,409966.0
christian,9,99.97,0.03,405661.0
francoise,9,0.01,99.99,401599.0
catherine,9,0.06,99.94,394929.0
madeleine,9,0.01,99.99,305109.0
sebastien,9,99.96,0.04,304494.0
alexandre,9,99.93,0.07,302348.0
christine,9,0.01,99.99,280644.0
stephanie,9,0.02,99.98,238931.0
veronique,9,0.08,99.92,236006.0
guillaume,9,99.93,0.07,222804.0
genevieve,9,0.13,99.87,186217.0
elisabeth,9,0.09,99.91,162628.0
georgette,9,0.0,100.0,152948.0
charlotte,9,0.0,100.0,149308.0
henriette,9,0.0,100.0,126915.0
micheline,9,0.0,100.0,111865.0
gabrielle,9,0.04,99.96,99876.0
josephine,9,0.0,100.0,96767.0
alexandra,9,0.03,99.97,93080.0
angelique,9,0.0,100.0,92124.0
jean marc,9,100.0,0.0,90725.0
jean paul,9,100.0,0.0,87616.0
pierrette,9,0.0,100.0,81921.0
ghislaine,9,0.0,100.0,64337.0
valentine,9,0.0,100.0,48803.0
claudette,9,0.0,100.0,47757.0
emilienne,9,0.0,100.0,45388.0
geraldine,9,0.0,100.0,43710.0
augustine,9,0.06,99.94,40408.0
jean yves,9,100.0,0.0,37616.0
maryvonne,9,0.0,100.0,35504.0
benedicte,9,0.0,100.0,34978.0
albertine,9,0.0,100.0,28174.0
constance,9,0.15,99.85,26078.0
cassandra,9,0.0,100.0,24399.0
gwenaelle,9,0.0,100.0,22839.0
stanislas,9,98.17,1.83,21296.0
louisette,9,0.0,100.0,20129.0
jeannette,9,0.0,100.0,19672.0
annabelle,9,0.0,100.0,18477.0
victorine,9,0.15,99.85,17815.0
marinette,9,0.0,100.0,17388.0
theophile,9,99.06,0.94,16299.0
ferdinand,9,99.49,0.51,16178.0
ernestine,9,0.0,100.0,15544.0
jean noel,9,100.0,0.0,14922.0
celestine,9,0.14,99.86,14687.0
nathanael,9,99.29,0.71,14433.0
philomene,9,0.82,99.18,13510.0
priscilla,9,0.0,100.0,13499.0
christele,9,0.0,100.0,13134.0
cassandre,9,1.47,98.53,13097.0
raphaelle,9,0.0,100.0,12976.0
pascaline,9,0.0,100.0,11898.0
hippolyte,9,98.16,1.84,10593.0
fatoumata,9,0.0,100.0,9418.0
berengere,9,0.0,100.0,8758.0
marceline,9,0.0,100.0,8153.0
anne lise,9,0.0,100.0,8142.0
francette,9,0.0,100.0,7802.0
christina,9,0.0,100.0,7795.0
berangere,9,0.0,100.0,7685.0
graziella,9,0.0,100.0,7533.0
anastasia,9,0.0,100.0,7508.0
francisco,9,100.0,0.0,7396.0
florentin,9,99.63,0.37,7010.0
kimberley,9,0.0,100.0,6776.0
lily rose,9,0.0,100.0,5973.0
clothilde,9,0.0,100.0,5940.0
eglantine,9,0.0,100.0,5759.0
armandine,9,0.0,100.0,5243.0
victorien,9,99.57,0.43,4903.0
frederick,9,99.34,0.66,4867.0
laurianne,9,0.0,100.0,4834.0
chrystele,9,0.0,100.0,4696.0
hyacinthe,9,74.79,25.21,4633.0
kassandra,9,0.0,100.0,4591.0
elizabeth,9,0.0,100.0,4549.0
toussaint,9,98.54,1.46,4370.0
josseline,9,0.0,100.0,4331.0
jean rene,9,100.0,0.0,4253.0
sylvestre,9,95.15,4.85,4061.0
domitille,9,0.0,100.0,3811.0
jean loup,9,100.0,0.0,3781.0
abdoulaye,9,100.0,0.0,3678.0
salvatore,9,100.0,0.0,3657.0
valentina,9,0.0,100.0,3560.0
francesca,9,0.0,100.0,3441.0
marcellin,9,100.0,0.0,3376.0
philibert,9,98.06,1.94,3353.0
gabriella,9,0.0,100.0,3216.0
marie lou,9,0.0,100.0,3161.0
laureline,9,0.0,100.0,3154.0
anastasie,9,1.34,98.66,3143.0
mahamadou,9,100.0,0.0,3126.0
francesco,9,100.0,0.0,2924.0
abigaelle,9,0.0,100.0,2748.0
priscille,9,0.0,100.0,2641.0
gracieuse,9,0.0,100.0,2628.0
seraphine,9,0.0,100.0,2616.0
souleyman,9,100.0,0.0,2613.0
ghyslaine,9,0.0,100.0,2474.0
alexander,9,100.0,0.0,2436.0
magdalena,9,0.0,100.0,2421.0
abdelkrim,9,100.0,0.0,2419.0
charlette,9,0.0,100.0,2363.0
abdelaziz,9,100.0,0.0,2259.0
rosemonde,9,0.0,100.0,2253.0
josselyne,9,0.0,100.0,2244.0
francisca,9,0.0,100.0,2230.0
adolphine,9,0.0,100.0,2203.0
moustapha,9,100.0,0.0,2178.0
sylvianne,9,0.0,100.0,2170.0
euphrasie,9,2.85,97.15,2144.0
cristelle,9,0.0,100.0,2086.0
esperance,9,5.96,94.04,1995.0
marie eve,9,0.0,100.0,1986.0
balthazar,9,100.0,0.0,1851.0
sebastian,9,100.0,0.0,1839.0
guenaelle,9,0.0,100.0,1790.0
lili rose,9,0.0,100.0,1783.0
nathaniel,9,100.0,0.0,1779.0
aboubacar,9,100.0,0.0,1732.0
sherazade,9,0.0,100.0,1707.0
prescilia,9,0.0,100.0,1685.0
valentino,9,100.0,0.0,1679.0
corentine,9,0.0,100.0,1646.0
quitterie,9,0.0,100.0,1644.0
baptistin,9,100.0,0.0,1631.0
jefferson,9,100.0,0.0,1608.0
theophane,9,100.0,0.0,1578.0
franciane,9,0.0,100.0,1550.0
esmeralda,9,0.0,100.0,1535.0
katherine,9,0.0,100.0,1505.0
florimond,9,100.0,0.0,1463.0
abygaelle,9,0.0,100.0,1460.0
antonella,9,0.0,100.0,1335.0
melisande,9,0.0,100.0,1285.0
soulayman,9,100.0,0.0,1267.0
prescilla,9,0.0,100.0,1266.0
florianne,9,0.0,100.0,1244.0
herveline,9,0.0,100.0,1201.0
priscilia,9,0.0,100.0,1198.0
aboubakar,9,100.0,0.0,1194.0
guislaine,9,0.0,100.0,1182.0
cyprienne,9,0.0,100.0,1181.0
valeriane,9,0.0,100.0,1161.0
siegfried,9,100.0,0.0,1150.0
cristiano,9,100.0,0.0,1149.0
louisiane,9,0.0,100.0,1135.0
lissandro,9,100.0,0.0,1109.0
cassiopee,9,0.0,100.0,1100.0
gislhaine,9,0.0,100.0,1065.0
clairette,9,0.0,100.0,1061.0
messaouda,9,0.0,100.0,1036.0
philippe,8,99.95,0.05,538806.0
francois,8,99.94,0.06,399149.0
nathalie,8,0.03,99.97,383021.0
isabelle,8,0.02,99.98,378147.0
frederic,8,99.93,0.07,328250.0
stephane,8,99.6,0.4,309974.0
sandrine,8,0.0,100.0,240244.0
marcelle,8,0.02,99.98,229340.0
jeannine,8,0.0,100.0,218732.0
paulette,8,0.0,100.0,213345.0
germaine,8,0.04,99.96,211071.0
patricia,8,0.0,100.0,207458.0
brigitte,8,0.08,99.92,202746.0
laurence,8,0.06,99.94,181812.0
virginie,8,0.07,99.93,171637.0
lucienne,8,0.0,100.0,170657.0
juliette,8,0.0,100.0,167128.0
raymonde,8,0.03,99.97,164907.0
claudine,8,0.0,100.0,158997.0
danielle,8,0.0,100.0,158132.0
caroline,8,0.0,100.0,156399.0
benjamin,8,99.9,0.1,151019.0
florence,8,0.02,99.98,148068.0
mathilde,8,0.09,99.91,144149.0
laetitia,8,0.0,100.0,143310.0
emmanuel,8,99.9,0.1,136139.0
beatrice,8,0.0,100.0,131442.0
mireille,8,0.0,100.0,129871.0
delphine,8,0.05,99.95,127717.0
michelle,8,0.0,100.0,122187.0
jean luc,8,100.0,0.0,117383.0
valentin,8,99.93,0.07,111481.0
fabienne,8,0.0,100.0,105328.0
jonathan,8,100.0,0.0,105261.0
baptiste,8,100.0,0.0,104785.0
jocelyne,8,0.03,99.97,103590.0
amandine,8,0.0,100.0,95852.0
severine,8,0.0,100.0,95415.0
francine,8,0.0,100.0,92765.0
huguette,8,0.0,100.0,90188.0
clemence,8,0.0,100.0,86235.0
fernande,8,0.03,99.97,85122.0
matthieu,8,100.0,0.0,81752.0
aurelien,8,99.9,0.1,80154.0
bertrand,8,99.96,0.04,67401.0
jennifer,8,0.0,100.0,65509.0
gilberte,8,0.0,100.0,62173.0
corentin,8,100.0,0.0,58842.0
thibault,8,100.0,0.0,54749.0
sylviane,8,0.0,100.0,53077.0
alphonse,8,99.75,0.25,43437.0
augustin,8,99.81,0.19,42468.0
ludivine,8,0.0,100.0,42004.0
victoria,8,0.0,100.0,40810.0
marianne,8,0.0,100.0,39525.0
murielle,8,0.0,100.0,37965.0
maryline,8,0.0,100.0,37494.0
adrienne,8,0.0,100.0,34918.0
charline,8,0.0,100.0,32925.0
charlene,8,0.0,100.0,32637.0
marjorie,8,0.0,100.0,30077.0
julienne,8,0.08,99.92,30051.0
clarisse,8,0.24,99.76,29530.0
geoffrey,8,100.0,0.0,27862.0
blandine,8,0.0,100.0,27827.0
clotilde,8,0.4,99.6,27301.0
gregoire,8,97.89,2.11,27250.0
eleonore,8,0.53,99.47,25931.0
victoire,8,0.57,99.43,25832.0
leontine,8,0.0,100.0,24005.0
roselyne,8,0.0,100.0,23973.0
capucine,8,0.0,100.0,23936.0
rodolphe,8,99.87,0.13,23423.0
violette,8,0.0,100.0,23094.0
angelina,8,0.0,100.0,21985.0
timothee,8,98.73,1.27,21875.0
christel,8,2.2,97.8,21700.0
faustine,8,0.0,100.0,20078.0
dorothee,8,1.29,98.71,19677.0
floriane,8,0.0,100.0,19665.0
tiphaine,8,1.59,98.41,18863.0
pierrick,8,100.0,0.0,18572.0
roseline,8,0.0,100.0,18559.0
marylene,8,0.0,100.0,17702.0
samantha,8,0.0,100.0,17688.0
apolline,8,0.0,100.0,17420.0
gauthier,8,100.0,0.0,17134.0
marielle,8,0.0,100.0,16799.0
matthias,8,100.0,0.0,15376.0
constant,8,99.75,0.25,15102.0
sylvette,8,0.0,100.0,14877.0
angeline,8,0.0,100.0,14735.0
theodore,8,98.43,1.57,14245.0
lauriane,8,0.0,100.0,13908.0
hortense,8,0.69,99.31,13415.0
wilfried,8,100.0,0.0,12936.0
celestin,8,100.0,0.0,12758.0
adelaide,8,2.17,97.83,12372.0
ghislain,8,100.0,0.0,12243.0
marilyne,8,0.0,100.0,11475.0
cyrielle,8,0.0,100.0,11442.0
giovanni,8,100.0,0.0,11385.0
berenice,8,0.0,100.0,11186.0
mariette,8,0.0,100.0,10787.0
mohammed,8,100.0,0.0,10421.0
claudius,8,100.0,0.0,9992.0
mustapha,8,100.0,0.0,9321.0
sylvaine,8,0.0,100.0,9297.0
geoffroy,8,98.65,1.35,8942.0
coraline,8,0.0,100.0,8932.0
manuella,8,0.0,100.0,8448.0
violaine,8,0.0,100.0,8169.0
honorine,8,0.32,99.68,8100.0
aristide,8,97.49,2.51,8089.0
rodrigue,8,100.0,0.0,7993.0
laurette,8,0.0,100.0,7802.0
ambroise,8,97.47,2.53,7753.0
lou anne,8,0.0,100.0,7557.0
felicien,8,99.61,0.39,7367.0
guylaine,8,0.0,100.0,7316.0
muguette,8,0.0,100.0,6831.0
sullivan,8,100.0,0.0,6445.0
mathurin,8,98.74,1.26,5967.0
abdallah,8,100.0,0.0,5868.0
josselin,8,100.0,0.0,5636.0
annaelle,8,0.0,100.0,5604.0
rachelle,8,0.0,100.0,5503.0
bertille,8,0.37,99.63,5337.0
segolene,8,0.0,100.0,5322.0
zacharie,8,96.3,3.7,5157.0
kathleen,8,0.0,100.0,5130.0
gislaine,8,0.0,100.0,5026.0
penelope,8,0.0,100.0,4897.0
typhaine,8,0.49,99.51,4879.0
gertrude,8,1.02,98.98,4821.0
fernando,8,100.0,0.0,4730.0
tiphanie,8,0.0,100.0,4520.0
mercedes,8,0.0,100.0,4488.0
lorraine,8,0.0,100.0,4336.0
josianne,8,0.0,100.0,4250.0
chrystel,8,0.86,99.14,4210.0
clotaire,8,96.63,3.37,4208.0
felicite,8,4.38,95.62,4137.0
chantale,8,0.0,100.0,4001.0
narcisse,8,91.78,8.22,3869.0
loetitia,8,0.0,100.0,3850.0
mathilda,8,0.0,100.0,3848.0
marcelin,8,100.0,0.0,3793.0
madeline,8,0.0,100.0,3790.0
georgina,8,0.0,100.0,3700.0
donatien,8,99.43,0.57,3674.0
ombeline,8,0.0,100.0,3622.0
soufiane,8,100.0,0.0,3558.0
joselyne,8,0.0,100.0,3550.0
maimouna,8,0.0,100.0,3508.0
athenais,8,0.0,100.0,3400.0
seraphin,8,99.2,0.8,3362.0
mallaury,8,3.34,96.66,3354.0
maissane,8,0.76,99.24,3306.0
ibrahima,8,100.0,0.0,3269.0
youssouf,8,100.0,0.0,3196.0
marylise,8,0.0,100.0,3171.0
charlyne,8,0.0,100.0,3077.0
antonine,8,0.0,100.0,3033.0
margaret,8,0.0,100.0,3005.0
raphaele,8,0.0,100.0,2944.0
jennyfer,8,0.0,100.0,2927.0
cendrine,8,0.0,100.0,2873.0
judicael,8,95.06,4.94,2873.0
cristina,8,0.0,100.0,2859.0
marouane,8,100.0,0.0,2856.0
williams,8,100.0,0.0,2832.0
clarence,8,67.92,32.08,2812.0
abdellah,8,100.0,0.0,2761.0
vladimir,8,100.0,0.0,2742.0
joseline,8,0.0,100.0,2730.0
soukaina,8,0.0,100.0,2718.0
muhammed,8,100.0,0.0,2701.0
guilaine,8,0.0,100.0,2698.0
virginia,8,0.0,100.0,2697.0
valerian,8,100.0,0.0,2694.0
lisandro,8,100.0,0.0,2677.0
leocadie,8,6.41,93.59,2652.0
redouane,8,100.0,0.0,2631.0
cheyenne,8,1.1,98.9,2556.0
anabelle,8,0.0,100.0,2530.0
giuseppe,8,100.0,0.0,2407.0
vincenzo,8,100.0,0.0,2387.0
aissatou,8,0.0,100.0,2381.0
gillette,8,0.0,100.0,2353.0
harmonie,8,0.0,100.0,2338.0
leonardo,8,100.0,0.0,2337.0
zinedine,8,100.0,0.0,2306.0
alexiane,8,0.0,100.0,2300.0
zakariya,8,100.0,0.0,2293.0
savannah,8,0.0,100.0,2238.0
laeticia,8,0.0,100.0,2231.0
lilianne,8,0.0,100.0,2211.0
cyriaque,8,89.63,10.37,2209.0
khadidja,8,0.0,100.0,2186.0
eleanore,8,0.0,100.0,2170.0
hermance,8,0.0,100.0,2158.0
cataleya,8,0.0,100.0,2143.0
kimberly,8,0.0,100.0,2135.0
tiffanie,8,0.0,100.0,2093.0
jeannick,8,37.59,62.41,2091.0
rollande,8,0.0,100.0,2074.0
appoline,8,0.0,100.0,2049.0
salvador,8,100.0,0.0,1979.0
gabriela,8,0.0,100.0,1977.0
leo paul,8,100.0,0.0,1952.0
giovanna,8,0.0,100.0,1937.0
yvonnick,8,92.51,7.49,1935.0
victorin,8,100.0,0.0,1933.0
gonzague,8,100.0,0.0,1910.0
daniella,8,0.0,100.0,1905.0
nourdine,8,100.0,0.0,1893.0
aymerick,8,100.0,0.0,1890.0
vincente,8,8.29,91.71,1869.0
vinciane,8,0.0,100.0,1862.0
sullyvan,8,100.0,0.0,1829.0
emmeline,8,0.0,100.0,1825.0
belkacem,8,100.0,0.0,1804.0
mohammad,8,100.0,0.0,1804.0
chahinez,8,0.0,100.0,1798.0
mouhamed,8,100.0,0.0,1783.0
evariste,8,87.95,12.05,1776.0
myrtille,8,0.0,100.0,1752.0
santiago,8,100.0,0.0,1750.0
cesarine,8,0.0,100.0,1732.0
ibtissem,8,0.0,100.0,1717.0
lysandre,8,79.69,20.31,1679.0
jean guy,8,100.0,0.0,1677.0
julianne,8,0.0,100.0,1656.0
fatimata,8,0.0,100.0,1637.0
vivienne,8,0.0,100.0,1615.0
annelise,8,0.0,100.0,1608.0
vivianne,8,0.0,100.0,1590.0
isabella,8,0.0,100.0,1562.0
theodora,8,0.0,100.0,1561.0
theotime,8,95.11,4.89,1553.0
abdullah,8,100.0,0.0,1546.0
kristell,8,0.0,100.0,1546.0
ludmilla,8,0.0,100.0,1541.0
manuelle,8,0.0,100.0,1538.0
athanase,8,84.99,15.01,1526.0
anouchka,8,0.0,100.0,1525.0
kadiatou,8,0.0,100.0,1522.0
lancelot,8,100.0,0.0,1511.0
prudence,8,0.0,100.0,1500.0
angelica,8,0.0,100.0,1499.0
charlize,8,0.0,100.0,1467.0
azzedine,8,100.0,0.0,1465.0
jean max,8,100.0,0.0,1460.0
boubacar,8,100.0,0.0,1451.0
joceline,8,0.0,100.0,1439.0
gervaise,8,0.0,100.0,1426.0
giuliana,8,0.0,100.0,1420.0
lauranne,8,0.0,100.0,1405.0
ezechiel,8,100.0,0.0,1386.0
baudouin,8,100.0,0.0,1384.0
robinson,8,100.0,0.0,1384.0
georgine,8,0.0,100.0,1381.0
eustache,8,79.78,20.22,1370.0
ollivier,8,100.0,0.0,1362.0
philemon,8,100.0,0.0,1335.0
muhammad,8,100.0,0.0,1331.0
malaurie,8,0.0,100.0,1319.0
typhanie,8,0.0,100.0,1319.0
carolina,8,0.0,100.0,1318.0
ibtissam,8,0.0,100.0,1303.0
geoffray,8,100.0,0.0,1302.0
katarina,8,0.0,100.0,1282.0
sylvanie,8,0.0,100.0,1281.0
carolane,8,0.0,100.0,1265.0
marilene,8,0.0,100.0,1253.0
rigobert,8,87.93,12.07,1251.0
anthonin,8,100.0,0.0,1246.0
melchior,8,100.0,0.0,1230.0
sandrina,8,0.0,100.0,1224.0
catalina,8,0.0,100.0,1221.0
alassane,8,100.0,0.0,1219.0
godefroy,8,92.53,7.47,1219.0
pierrine,8,0.0,100.0,1208.0
mayssane,8,0.0,100.0,1202.0
herminie,8,0.0,100.0,1200.0
frederik,8,100.0,0.0,1190.0
boniface,8,81.63,18.37,1187.0
salimata,8,0.0,100.0,1184.0
cleophee,8,0.0,100.0,1183.0
marianna,8,0.0,100.0,1175.0
castille,8,0.0,100.0,1173.0
berenger,8,100.0,0.0,1171.0
messaoud,8,100.0,0.0,1168.0
henrique,8,100.0,0.0,1167.0
elfriede,8,0.0,100.0,1163.0
suleyman,8,100.0,0.0,1141.0
melusine,8,0.0,100.0,1134.0
saturnin,8,89.59,10.41,1134.0
jeromine,8,0.0,100.0,1130.0
sosthene,8,83.58,16.42,1127.0
cannelle,8,0.0,100.0,1120.0
guiseppe,8,100.0,0.0,1107.0
jeoffrey,8,100.0,0.0,1094.0
veronica,8,0.0,100.0,1094.0
collette,8,0.0,100.0,1087.0
sophiane,8,86.48,13.52,1087.0
giovanny,8,100.0,0.0,1086.0
meredith,8,0.0,100.0,1047.0
kristina,8,0.0,100.0,1037.0
fernanda,8,0.0,100.0,1034.0
gabriele,8,37.06,62.94,1028.0
moisette,8,0.0,100.0,1028.0
domenico,8,100.0,0.0,1020.0
scarlett,8,0.0,100.0,1015.0
ladislas,8,97.33,2.67,1011.0
radouane,8,100.0,0.0,1000.0
jacques,7,99.97,0.03,482952.0
bernard,7,99.98,0.02,469361.0
georges,7,99.85,0.15,405493.0
nicolas,7,99.93,0.07,405392.0
monique,7,0.11,99.89,400202.0
patrick,7,99.99,0.01,395126.0
maurice,7,99.83,0.17,337663.0
laurent,7,99.97,0.03,328583.0
martine,7,0.03,99.97,320269.0
suzanne,7,0.03,99.97,289928.0
thierry,7,99.98,0.02,289629.0
camille,7,27.47,72.53,282947.0
olivier,7,99.97,0.03,280172.0
antoine,7,99.88,0.12,279739.0
raymond,7,99.94,0.06,272963.0
valerie,7,0.09,99.91,253418.0
charles,7,99.9,0.1,241804.0
vincent,7,99.84,0.16,232729.0
chantal,7,0.14,99.86,232533.0
gabriel,7,99.92,0.08,188469.0
aurelie,7,0.05,99.95,182818.0
michele,7,0.19,99.81,180384.0
gilbert,7,99.94,0.06,180214.0
clement,7,99.95,0.05,176847.0
therese,7,0.11,99.89,175895.0
colette,7,0.08,99.92,174776.0
anthony,7,100.0,0.0,173412.0
francis,7,99.99,0.01,166364.0
corinne,7,0.0,100.0,162855.0
pauline,7,0.0,100.0,157579.0
josette,7,0.0,100.0,154126.0
mathieu,7,99.88,0.12,152269.0
raphael,7,99.86,0.14,151695.0
patrice,7,99.43,0.57,138896.0
sylvain,7,99.94,0.06,135887.0
fabrice,7,99.93,0.07,134590.0
melanie,7,0.09,99.91,133725.0
ginette,7,0.0,100.0,131609.0
quentin,7,100.0,0.0,128393.0
evelyne,7,0.0,100.0,128370.0
florian,7,99.98,0.02,127649.0
ludovic,7,99.91,0.09,127202.0
josiane,7,0.0,100.0,123102.0
mickael,7,100.0,0.0,122714.0
fernand,7,99.96,0.04,118652.0
liliane,7,0.0,100.0,112171.0
simonne,7,0.02,99.98,105251.0
pascale,7,0.03,99.97,102635.0
sabrina,7,0.0,100.0,95742.0
justine,7,0.05,99.95,93986.0
gregory,7,100.0,0.0,91732.0
yannick,7,94.29,5.71,91714.0
mohamed,7,99.98,0.02,91624.0
solange,7,0.14,99.86,90949.0
michael,7,99.96,0.04,90218.0
etienne,7,99.53,0.47,85689.0
daniele,7,0.13,99.87,84699.0
richard,7,99.78,0.22,84102.0
auguste,7,99.76,0.24,83844.0
vanessa,7,0.0,100.0,80722.0
edouard,7,99.74,0.26,79275.0
arlette,7,0.0,100.0,78578.0
william,7,99.97,0.03,77033.0
morgane,7,0.29,99.71,75141.0
estelle,7,0.0,100.0,74230.0
jessica,7,0.0,100.0,70897.0
eugenie,7,0.12,99.88,70740.0
lucette,7,0.0,100.0,69918.0
florent,7,99.96,0.04,69688.0
melissa,7,0.0,100.0,68279.0
maxence,7,98.77,1.23,61764.0
margaux,7,0.0,100.0,60865.0
coralie,7,0.0,100.0,55321.0
bastien,7,100.0,0.0,55127.0
adeline,7,0.0,100.0,54441.0
yolande,7,0.05,99.95,53796.0
viviane,7,0.0,100.0,52860.0
jeanine,7,0.0,100.0,49582.0
tristan,7,100.0,0.0,41853.0
antonin,7,99.92,0.08,40443.0
rolande,7,0.0,100.0,39942.0
blanche,7,0.22,99.78,39762.0
mathias,7,99.46,0.54,38928.0
dimitri,7,100.0,0.0,38471.0
cyrille,7,95.86,4.14,38442.0
thibaut,7,100.0,0.0,36840.0
martial,7,99.71,0.29,36780.0
gustave,7,99.53,0.47,36243.0
ophelie,7,0.0,100.0,36113.0
emeline,7,0.0,100.0,34855.0
annette,7,0.0,100.0,33525.0
germain,7,99.62,0.38,32908.0
marlene,7,0.0,100.0,32304.0
jeremie,7,99.73,0.27,31623.0
deborah,7,0.0,100.0,30714.0
esteban,7,100.0,0.0,30598.0
natacha,7,0.0,100.0,29895.0
yasmine,7,0.1,99.9,28333.0
johanna,7,0.0,100.0,27145.0
lorenzo,7,100.0,0.0,26963.0
norbert,7,99.52,0.48,26870.0
heloise,7,0.0,100.0,26534.0
armelle,7,0.0,100.0,26410.0
marceau,7,100.0,0.0,26380.0
barbara,7,0.0,100.0,26015.0
magalie,7,0.0,100.0,25829.0
laurine,7,0.0,100.0,25198.0
charlie,7,52.49,47.51,24932.0
claudie,7,1.05,98.95,24778.0
emilien,7,100.0,0.0,24499.0
anaelle,7,0.0,100.0,24439.0
sofiane,7,99.45,0.55,24014.0
perrine,7,0.0,100.0,22940.0
gaspard,7,100.0,0.0,22700.0
candice,7,0.0,100.0,22557.0
cynthia,7,0.0,100.0,22503.0
aymeric,7,100.0,0.0,22207.0
killian,7,100.0,0.0,21892.0
rosalie,7,0.67,99.33,21821.0
titouan,7,100.0,0.0,20904.0
claudia,7,0.0,100.0,20536.0
antonio,7,100.0,0.0,20411.0
yassine,7,99.73,0.27,20273.0
cecilia,7,0.0,100.0,20189.0
romuald,7,99.57,0.43,20014.0
youssef,7,100.0,0.0,19499.0
ibrahim,7,100.0,0.0,19135.0
eveline,7,0.0,100.0,17770.0
leopold,7,99.55,0.45,17665.0
aurelia,7,0.0,100.0,17578.0
augusta,7,0.14,99.86,17396.0
tiffany,7,0.0,100.0,16662.0
adolphe,7,99.25,0.75,16557.0
leonard,7,98.87,1.13,16159.0
tatiana,7,0.0,100.0,15953.0
achille,7,98.84,1.16,15658.0
leandre,7,95.93,4.07,15368.0
thibaud,7,100.0,0.0,15109.0
flavien,7,99.5,0.5,14663.0
timothe,7,100.0,0.0,14510.0
joachim,7,98.72,1.28,14315.0
melodie,7,0.0,100.0,14053.0
yasmina,7,0.0,100.0,13904.0
stephan,7,99.7,0.3,13830.0
nolwenn,7,1.32,98.68,13697.0
rebecca,7,0.0,100.0,13673.0
florine,7,0.0,100.0,13117.0
jocelyn,7,99.68,0.32,12677.0
felicie,7,0.0,100.0,12213.0
zakaria,7,100.0,0.0,12184.0
garance,7,0.66,99.34,11602.0
dolores,7,0.0,100.0,11207.0
armande,7,0.0,100.0,11103.0
brandon,7,100.0,0.0,11066.0
roberte,7,0.0,100.0,11023.0
celeste,7,6.71,93.29,10847.0
nicolle,7,0.0,100.0,10819.0
cyprien,7,99.35,0.65,10656.0
doriane,7,0.41,99.59,10618.0
melinda,7,0.0,100.0,10503.0
louison,7,45.84,54.16,10250.0
antonia,7,0.21,99.79,10149.0
lysiane,7,0.0,100.0,10130.0
gwenael,7,93.0,7.0,9817.0
camelia,7,0.0,100.0,9687.0
yveline,7,0.0,100.0,9630.0
jasmine,7,0.0,100.0,9531.0
anatole,7,98.63,1.37,9483.0
manuela,7,0.0,100.0,9469.0
lucille,7,0.0,100.0,9273.0
alberte,7,0.0,100.0,9154.0
rolland,7,100.0,0.0,8974.0
kyllian,7,100.0,0.0,8941.0
sidonie,7,1.39,98.61,8925.0
lindsay,7,1.11,98.89,8853.0
gautier,7,100.0,0.0,8809.0
khadija,7,0.0,100.0,8808.0
laurene,7,0.0,100.0,8760.0
nordine,7,99.6,0.4,8722.0
suzette,7,0.0,100.0,8492.0
maiwenn,7,0.89,99.11,8430.0
wilfrid,7,98.39,1.61,8279.0
virgile,7,99.32,0.68,8250.0
guilhem,7,100.0,0.0,8180.0
maureen,7,0.0,100.0,8040.0
ornella,7,0.0,100.0,7730.0
leandro,7,100.0,0.0,7704.0
aminata,7,0.0,100.0,7678.0
joffrey,7,100.0,0.0,7640.0
eliette,7,0.0,100.0,7501.0
donovan,7,100.0,0.0,7301.0
casimir,7,96.14,3.86,7232.0
djibril,7,100.0,0.0,7173.0
giselle,7,0.0,100.0,7064.0
mamadou,7,100.0,0.0,7032.0
prosper,7,98.37,1.63,6934.0
hadrien,7,100.0,0.0,6757.0
djamila,7,0.0,100.0,6735.0
stephen,7,100.0,0.0,6568.0
lou ann,7,0.0,100.0,6494.0
joannes,7,100.0,0.0,6427.0
isidore,7,97.51,2.49,6424.0
desiree,7,0.47,99.53,6392.0
rachida,7,0.0,100.0,6371.0
maeline,7,0.0,100.0,6151.0
eulalie,7,2.37,97.63,5979.0
gwendal,7,100.0,0.0,5859.0
rosette,7,0.0,100.0,5845.0
alessio,7,100.0,0.0,5817.0
gwladys,7,0.0,100.0,5813.0
auriane,7,0.0,100.0,5756.0
gaetane,7,0.0,100.0,5679.0
edmonde,7,0.0,100.0,5652.0
marilou,7,0.0,100.0,5619.0
allison,7,0.0,100.0,5502.0
alfreda,7,0.0,100.0,5422.0
reynald,7,100.0,0.0,5197.0
johanne,7,6.71,93.29,5173.0
solenne,7,0.0,100.0,5162.0
marylou,7,0.0,100.0,5150.0
marilyn,7,0.0,100.0,5134.0
gervais,7,98.99,1.01,5125.0
laureen,7,0.0,100.0,5072.0
romaric,7,100.0,0.0,5022.0
noeline,7,0.0,100.0,4984.0
madison,7,1.93,98.07,4976.0
cameron,7,91.15,8.85,4963.0
louanne,7,0.0,100.0,4924.0
nesrine,7,0.0,100.0,4883.0
octavie,7,0.0,100.0,4875.0
juliana,7,0.0,100.0,4792.0
vianney,7,100.0,0.0,4778.0
sixtine,7,0.0,100.0,4753.0
hilaire,7,92.6,7.4,4741.0
soumaya,7,0.0,100.0,4670.0
jordane,7,62.24,37.76,4658.0
hermine,7,0.0,100.0,4639.0
alienor,7,0.0,100.0,4581.0
shirley,7,0.0,100.0,4534.0
lisette,7,0.0,100.0,4516.0
maelyne,7,0.0,100.0,4477.0
lauryne,7,0.0,100.0,4402.0
joaquim,7,100.0,0.0,4367.0
alisson,7,0.0,100.0,4366.0
matthew,7,100.0,0.0,4364.0
mustafa,7,100.0,0.0,4292.0
josephe,7,1.53,98.47,4192.0
maximin,7,97.46,2.54,4176.0
colombe,7,2.52,97.48,4172.0
andreas,7,98.79,1.21,4140.0
alyssia,7,0.0,100.0,4073.0
malvina,7,0.0,100.0,4065.0
anselme,7,91.46,8.54,4015.0
yolaine,7,0.0,100.0,3991.0
belinda,7,0.0,100.0,3880.0
aliette,7,0.0,100.0,3848.0
roberto,7,100.0,0.0,3782.0
roxanne,7,0.0,100.0,3767.0
sephora,7,0.0,100.0,3756.0
alexane,7,0.0,100.0,3651.0
arielle,7,0.0,100.0,3646.0
felicia,7,0.0,100.0,3622.0
mattheo,7,100.0,0.0,3610.0
nathael,7,99.38,0.62,3563.0
steeven,7,100.0,0.0,3511.0
leonore,7,0.0,100.0,3471.0
ricardo,7,100.0,0.0,3452.0
gwenola,7,0.0,100.0,3428.0
guylene,7,0.0,100.0,3357.0
sibylle,7,0.0,100.0,3346.0
servane,7,0.0,100.0,3334.0
marwane,7,100.0,0.0,3281.0
mederic,7,97.5,2.5,3274.0
juliane,7,1.44,98.56,3255.0
terence,7,100.0,0.0,3215.0
nassima,7,0.0,100.0,3211.0
calixte,7,83.37,16.63,3205.0
adriana,7,0.0,100.0,3182.0
emelyne,7,0.0,100.0,3159.0
mellina,7,0.0,100.0,3138.0
beatrix,7,0.0,100.0,3124.0
jeannot,7,100.0,0.0,3099.0
sybille,7,0.0,100.0,3096.0
ousmane,7,99.35,0.65,3094.0
loriane,7,0.0,100.0,3084.0
sauveur,7,100.0,0.0,3043.0
jeannie,7,0.0,100.0,3033.0
matthis,7,100.0,0.0,2978.0
fortune,7,95.96,4.04,2943.0
astride,7,0.0,100.0,2934.0
bettina,7,0.0,100.0,2910.0
stanley,7,100.0,0.0,2902.0
alessia,7,0.0,100.0,2890.0
josyane,7,0.0,100.0,2877.0
luciano,7,100.0,0.0,2877.0
kamelia,7,0.0,100.0,2866.0
fantine,7,0.0,100.0,2855.0
matisse,7,95.99,4.01,2840.0
raynald,7,100.0,0.0,2838.0
mariama,7,0.0,100.0,2816.0
youness,7,100.0,0.0,2807.0
oussama,7,100.0,0.0,2805.0
bouchra,7,0.0,100.0,2804.0
jannick,7,44.66,55.34,2792.0
mallory,7,23.68,76.32,2791.0
lisiane,7,0.0,100.0,2789.0
daniela,7,0.0,100.0,2774.0
slimane,7,100.0,0.0,2760.0
orianne,7,0.0,100.0,2735.0
hermann,7,100.0,0.0,2689.0
aissata,7,0.0,100.0,2686.0
aaliyah,7,0.0,100.0,2666.0
lionnel,7,100.0,0.0,2657.0
josepha,7,3.73,96.27,2654.0
isaline,7,0.0,100.0,2642.0
fabiola,7,0.0,100.0,2637.0
lyliane,7,0.0,100.0,2636.0
maurine,7,0.0,100.0,2633.0
abigael,7,0.95,99.05,2629.0
severin,7,98.74,1.26,2626.0
malorie,7,0.0,100.0,2580.0
jeffrey,7,100.0,0.0,2563.0
ambrine,7,0.0,100.0,2562.0
shannon,7,3.29,96.71,2553.0
adriano,7,100.0,0.0,2543.0
mayline,7,0.0,100.0,2536.0
bastian,7,100.0,0.0,2523.0
nassera,7,0.0,100.0,2523.0
sabrine,7,0.0,100.0,2513.0
abraham,7,100.0,0.0,2512.0
faustin,7,96.14,3.86,2512.0
giulian,7,100.0,0.0,2505.0
chahine,7,98.95,1.05,2483.0
enrique,7,100.0,0.0,2462.0
abigail,7,0.0,100.0,2453.0
timothy,7,100.0,0.0,2443.0
daphnee,7,0.0,100.0,2441.0
manelle,7,0.0,100.0,2436.0
sherine,7,0.0,100.0,2435.0
lorette,7,0.0,100.0,2392.0
ameline,7,0.0,100.0,2391.0
mariame,7,0.0,100.0,2380.0
annabel,7,0.0,100.0,2353.0
mariane,7,0.0,100.0,2351.0
zachary,7,100.0,0.0,2316.0
elliott,7,100.0,0.0,2313.0
pierrot,7,100.0,0.0,2302.0
theresa,7,0.0,100.0,2296.0
bradley,7,100.0,0.0,2292.0
wassila,7,0.0,100.0,2267.0
palmyre,7,3.89,96.11,2264.0
eleanor,7,0.0,100.0,2261.0
mirella,7,0.0,100.0,2230.0
lambert,7,92.89,7.11,2221.0
gaylord,7,100.0,0.0,2192.0
janelle,7,0.0,100.0,2149.0
alberto,7,100.0,0.0,2148.0
ophelia,7,0.0,100.0,2127.0
elianne,7,0.0,100.0,2119.0
camilia,7,0.0,100.0,2109.0
natalia,7,0.0,100.0,2108.0
chelsea,7,0.0,100.0,2084.0
cedrick,7,100.0,0.0,2079.0
lorelei,7,0.0,100.0,2071.0
nisrine,7,0.0,100.0,2041.0
sergine,7,0.0,100.0,2018.0
francky,7,100.0,0.0,2015.0
alberic,7,100.0,0.0,2007.0
mariana,7,0.0,100.0,2005.0
lilwenn,7,0.0,100.0,1995.0
cherine,7,0.0,100.0,1992.0
melyssa,7,0.0,100.0,1991.0
zakarya,7,100.0,0.0,1961.0
oceanne,7,0.0,100.0,1959.0
melaine,7,19.96,80.04,1949.0
laurane,7,0.0,100.0,1941.0
sylvere,7,92.21,7.79,1913.0
barnabe,7,94.08,5.92,1892.0
noellie,7,0.0,100.0,1890.0
benoite,7,0.0,100.0,1885.0
malaury,7,6.9,93.1,1883.0
adelina,7,0.0,100.0,1877.0
dimitry,7,100.0,0.0,1877.0
harmony,7,0.0,100.0,1868.0
modeste,7,64.52,35.48,1852.0
emerick,7,100.0,0.0,1834.0
stevens,7,100.0,0.0,1832.0
hedwige,7,1.15,98.85,1825.0
francia,7,0.0,100.0,1821.0
sylvana,7,0.0,100.0,1818.0
calista,7,0.0,100.0,1816.0
maellys,7,0.0,100.0,1813.0
yvelise,7,0.0,100.0,1813.0
lassana,7,100.0,0.0,1801.0
guenael,7,96.76,3.24,1790.0
tasnime,7,0.0,100.0,1790.0
nicaise,7,29.75,70.25,1785.0
romaine,7,0.0,100.0,1770.0
thereze,7,0.0,100.0,1767.0
alexine,7,0.0,100.0,1761.0
lindsey,7,1.37,98.63,1750.0
maurane,7,0.0,100.0,1742.0
youssra,7,0.0,100.0,1732.0
batiste,7,100.0,0.0,1731.0
laurena,7,0.0,100.0,1731.0
maelyss,7,0.0,100.0,1726.0
brendan,7,100.0,0.0,1716.0
colleen,7,0.0,100.0,1710.0
solveig,7,1.49,98.51,1682.0
myriame,7,0.0,100.0,1670.0
claudio,7,100.0,0.0,1638.0
arnauld,7,100.0,0.0,1634.0
gratien,7,98.03,1.97,1621.0
huseyin,7,100.0,0.0,1619.0
goulven,7,100.0,0.0,1618.0
firdaws,7,0.0,100.0,1612.0
larissa,7,0.0,100.0,1610.0
rosaire,7,95.76,4.24,1604.0
carmela,7,0.0,100.0,1602.0
salomon,7,100.0,0.0,1599.0
leonide,7,21.59,78.41,1589.0
tidiane,7,100.0,0.0,1582.0
malcolm,7,100.0,0.0,1579.0
silvere,7,94.27,5.73,1572.0
cosette,7,0.0,100.0,1569.0
liliana,7,0.0,100.0,1567.0
maeliss,7,0.0,100.0,1561.0
luciana,7,0.0,100.0,1555.0
kyliann,7,100.0,0.0,1550.0
jehanne,7,0.0,100.0,1547.0
trystan,7,100.0,0.0,1543.0
armando,7,100.0,0.0,1537.0
mariano,7,100.0,0.0,1537.0
rosario,7,49.12,50.88,1537.0
gontran,7,91.57,8.43,1531.0
bleuenn,7,0.0,100.0,1520.0
cherifa,7,0.0,100.0,1513.0
lorenza,7,0.0,100.0,1511.0
delphin,7,100.0,0.0,1508.0
marylin,7,0.0,100.0,1507.0
matilde,7,0.0,100.0,1507.0
marlyse,7,0.0,100.0,1501.0
armance,7,0.0,100.0,1486.0
janique,7,0.0,100.0,1486.0
gilette,7,0.0,100.0,1483.0
crystal,7,0.0,100.0,1454.0
leticia,7,0.0,100.0,1454.0
czeslaw,7,100.0,0.0,1453.0
sheryne,7,0.0,100.0,1445.0
mouloud,7,100.0,0.0,1424.0
georgia,7,0.0,100.0,1413.0
pharell,7,100.0,0.0,1413.0
othmane,7,100.0,0.0,1407.0
calypso,7,0.0,100.0,1400.0
orlando,7,100.0,0.0,1400.0
matheis,7,100.0,0.0,1384.0
pierric,7,100.0,0.0,1375.0
mahmoud,7,100.0,0.0,1368.0
marjory,7,0.0,100.0,1368.0
huberte,7,0.0,100.0,1366.0
alysson,7,0.0,100.0,1365.0
ysaline,7,0.0,100.0,1364.0
georget,7,100.0,0.0,1355.0
herbert,7,100.0,0.0,1346.0
kamilia,7,0.0,100.0,1330.0
vicente,7,96.73,3.27,1316.0
cinthia,7,0.0,100.0,1313.0
carinne,7,0.0,100.0,1307.0
natalie,7,0.0,100.0,1306.0
joaquin,7,100.0,0.0,1300.0
juliann,7,98.23,1.77,1296.0
sylvine,7,0.0,100.0,1281.0
nawelle,7,0.0,100.0,1279.0
carmelo,7,100.0,0.0,1277.0
soumeya,7,0.0,100.0,1276.0
maxance,7,96.83,3.17,1261.0
chirine,7,0.0,100.0,1255.0
kayliah,7,0.0,100.0,1252.0
djilali,7,100.0,0.0,1249.0
charley,7,89.25,10.75,1246.0
benoist,7,100.0,0.0,1238.0
pelagie,7,3.4,96.6,1236.0
cassidy,7,3.75,96.25,1226.0
alexina,7,0.0,100.0,1216.0
vanille,7,0.0,100.0,1215.0
aimable,7,89.37,10.63,1214.0
kristel,7,0.0,100.0,1208.0
noelyne,7,0.0,100.0,1199.0
morgann,7,61.94,38.06,1198.0
silvain,7,100.0,0.0,1193.0
mansour,7,100.0,0.0,1192.0
karelle,7,0.0,100.0,1188.0
emanuel,7,100.0,0.0,1187.0
silvana,7,0.0,100.0,1185.0
arnault,7,100.0,0.0,1179.0
kawthar,7,0.0,100.0,1172.0
djeneba,7,0.0,100.0,1161.0
sterenn,7,0.0,100.0,1155.0
ludmila,7,0.0,100.0,1153.0
beverly,7,0.0,100.0,1152.0
xaviere,7,0.0,100.0,1151.0
giovani,7,100.0,0.0,1147.0
ezekiel,7,100.0,0.0,1145.0
fulbert,7,92.74,7.26,1144.0
alfredo,7,100.0,0.0,1138.0
malicia,7,0.0,100.0,1135.0
idrissa,7,98.23,1.77,1129.0
annaick,7,0.0,100.0,1125.0
douglas,7,100.0,0.0,1124.0
madyson,7,0.0,100.0,1119.0
killyan,7,100.0,0.0,1115.0
auxence,7,97.48,2.52,1113.0
kaoutar,7,0.0,100.0,1105.0
lucinda,7,0.0,100.0,1103.0
placide,7,80.49,19.51,1097.0
christa,7,0.0,100.0,1094.0
jenifer,7,0.0,100.0,1083.0
shanice,7,0.0,100.0,1081.0
celiane,7,0.0,100.0,1070.0
maelane,7,0.0,100.0,1068.0
rodrigo,7,100.0,0.0,1064.0
linette,7,0.0,100.0,1062.0
suzelle,7,0.0,100.0,1059.0
oumaima,7,0.0,100.0,1057.0
meziane,7,100.0,0.0,1055.0
lidwine,7,0.0,100.0,1050.0
shainez,7,0.0,100.0,1049.0
albanie,7,0.0,100.0,1047.0
souhail,7,100.0,0.0,1046.0
camilla,7,0.0,100.0,1032.0
juanita,7,0.0,100.0,1032.0
matilda,7,0.0,100.0,1030.0
zoubida,7,0.0,100.0,1030.0
muriele,7,0.0,100.0,1028.0
sophian,7,100.0,0.0,1025.0
elouann,7,96.78,3.22,1024.0
alissia,7,0.0,100.0,1020.0
tiburce,7,79.12,20.88,1020.0
anthime,7,100.0,0.0,1018.0
jacquie,7,90.59,9.41,1010.0
renelle,7,0.0,100.0,1009.0
nadiege,7,0.0,100.0,1007.0
candide,7,31.51,68.49,1003.0
pierre,6,99.9,0.1,892531.0
michel,6,99.98,0.02,820534.0
jeanne,6,0.02,99.98,559437.0
marcel,6,99.98,0.02,468658.0
claude,6,87.9,12.1,468395.0
daniel,6,99.96,0.04,435849.0
robert,6,99.96,0.04,419277.0
gerard,6,99.92,0.08,379754.0
joseph,6,99.87,0.13,376997.0
sylvie,6,0.03,99.97,364772.0
julien,6,99.98,0.02,344694.0
pascal,6,99.95,0.05,307978.0
nicole,6,0.13,99.87,293917.0
helene,6,0.06,99.94,281596.0
thomas,6,99.88,0.12,279673.0
louise,6,0.02,99.98,271503.0
denise,6,0.01,99.99,263383.0
yvonne,6,0.01,99.99,256966.0
sophie,6,0.05,99.95,246056.0
celine,6,0.05,99.95,239158.0
didier,6,99.93,0.07,237347.0
maxime,6,99.45,0.55,222391.0
simone,6,0.03,99.97,219967.0
lucien,6,99.96,0.04,216339.0
andree,6,0.06,99.94,215561.0
jerome,6,99.9,0.1,208520.0
albert,6,99.95,0.05,204282.0
yvette,6,0.0,100.0,203445.0
emilie,6,0.03,99.97,197958.0
odette,6,0.05,99.95,192667.0
romain,6,99.96,0.04,192392.0
cecile,6,0.1,99.9,177955.0
franck,6,100.0,0.0,177748.0
gilles,6,99.91,0.09,175741.0
elodie,6,0.0,100.0,160492.0
claire,6,0.14,99.86,159898.0
cedric,6,100.0,0.0,152701.0
alexis,6,99.74,0.26,149394.0
audrey,6,0.14,99.86,141674.0
adrien,6,99.98,0.02,137232.0
gisele,6,0.06,99.94,137206.0
arnaud,6,100.0,0.0,134571.0
jeremy,6,100.0,0.0,134471.0
roland,6,99.98,0.02,132464.0
annick,6,0.12,99.88,131621.0
nadine,6,0.0,100.0,131520.0
victor,6,99.9,0.1,129420.0
benoit,6,99.86,0.14,126532.0
damien,6,99.95,0.05,126147.0
arthur,6,99.94,0.06,125565.0
marion,6,0.17,99.83,125360.0
marthe,6,0.12,99.88,122874.0
karine,6,0.0,100.0,121115.0
marine,6,0.0,100.0,119014.0
nathan,6,99.96,0.04,114735.0
eliane,6,0.02,99.98,114031.0
xavier,6,100.0,0.0,112582.0
fabien,6,100.0,0.0,110924.0
eugene,6,99.81,0.19,106390.0
carole,6,0.0,100.0,105843.0
sandra,6,0.0,100.0,103758.0
amelie,6,0.12,99.88,98659.0
myriam,6,0.18,99.82,98407.0
joelle,6,0.0,100.0,93757.0
gaston,6,99.84,0.16,93199.0
lionel,6,100.0,0.0,92309.0
samuel,6,99.92,0.08,92041.0
maryse,6,0.0,100.0,91861.0
oceane,6,0.0,100.0,86666.0
marius,6,99.85,0.15,84023.0
mathis,6,100.0,0.0,83607.0
magali,6,0.0,100.0,74163.0
noemie,6,0.0,100.0,74121.0
angele,6,0.33,99.67,71813.0
muriel,6,0.36,99.64,70998.0
berthe,6,0.29,99.71,70842.0
janine,6,0.0,100.0,68628.0
aurore,6,0.0,100.0,66103.0
martin,6,99.9,0.1,65943.0
hubert,6,99.72,0.28,65939.0
armand,6,99.94,0.06,65871.0
alfred,6,99.96,0.04,65834.0
sabine,6,0.03,99.97,64042.0
leonie,6,0.03,99.97,63893.0
regine,6,0.0,100.0,63053.0
gaelle,6,0.0,100.0,60194.0
romane,6,0.49,99.51,59448.0
andrea,6,17.71,82.29,56671.0
matheo,6,100.0,0.0,55593.0
jordan,6,99.86,0.14,55012.0
edmond,6,99.8,0.2,54636.0
gaetan,6,99.71,0.29,53876.0
ernest,6,99.8,0.2,53666.0
agathe,6,0.39,99.61,52710.0
rachel,6,0.95,99.05,50871.0
alicia,6,0.0,100.0,50204.0
nadege,6,0.0,100.0,48638.0
margot,6,0.0,100.0,46162.0
carine,6,0.0,100.0,46054.0
maelys,6,0.0,100.0,44613.0
marina,6,0.0,100.0,44205.0
olivia,6,0.0,100.0,41932.0
matteo,6,100.0,0.0,39415.0
alexia,6,0.0,100.0,37294.0
lucile,6,0.19,99.81,37120.0
manuel,6,100.0,0.0,36549.0
eloise,6,0.0,100.0,33907.0
maelle,6,0.0,100.0,33739.0
dorian,6,99.93,0.07,33536.0
steven,6,100.0,0.0,33447.0
morgan,6,92.96,7.04,32932.0
solene,6,0.0,100.0,32253.0
gerald,6,99.93,0.07,32188.0
carmen,6,0.24,99.76,31048.0
france,6,6.11,93.89,30036.0
laurie,6,0.17,99.83,29774.0
melina,6,0.0,100.0,29756.0
kylian,6,100.0,0.0,29381.0
fatima,6,0.0,100.0,28394.0
noelle,6,0.0,100.0,28217.0
ingrid,6,0.0,100.0,27878.0
mathys,6,99.93,0.07,27172.0
lilian,6,98.77,1.23,26723.0
salome,6,0.16,99.84,26564.0
hugues,6,99.26,0.74,25805.0
axelle,6,0.0,100.0,24522.0
renaud,6,100.0,0.0,24483.0
mylene,6,0.0,100.0,24427.0
louane,6,0.17,99.83,24060.0
eliott,6,99.81,0.19,23616.0
malika,6,0.0,100.0,23508.0
yohann,6,100.0,0.0,22883.0
charly,6,97.74,2.26,21968.0
coline,6,0.0,100.0,21843.0
ismael,6,99.91,0.09,21799.0
justin,6,99.73,0.27,21645.0
rafael,6,100.0,0.0,21545.0
sylvia,6,0.0,100.0,21468.0
edwige,6,2.6,97.4,21226.0
roxane,6,0.0,100.0,21119.0
mikael,6,100.0,0.0,19731.0
jackie,6,92.57,7.43,19479.0
johann,6,99.34,0.66,19339.0
amaury,6,100.0,0.0,19283.0
desire,6,99.56,0.44,18912.0
anissa,6,0.0,100.0,18911.0
helena,6,0.0,100.0,18772.0
flavie,6,0.0,100.0,18713.0
rachid,6,100.0,0.0,18591.0
arsene,6,94.42,5.58,18582.0
louisa,6,0.0,100.0,18391.0
esther,6,0.7,99.3,18326.0
tanguy,6,100.0,0.0,18031.0
younes,6,100.0,0.0,17978.0
julian,6,100.0,0.0,17681.0
stella,6,0.0,100.0,17640.0
antony,6,99.76,0.24,17610.0
astrid,6,0.27,99.73,17270.0
corine,6,0.0,100.0,17178.0
freddy,6,100.0,0.0,16550.0
nassim,6,99.83,0.17,16228.0
alison,6,0.26,99.74,15927.0
yacine,6,98.05,1.95,15760.0
leslie,6,1.36,98.64,15486.0
johnny,6,100.0,0.0,15397.0
sophia,6,0.0,100.0,15357.0
basile,6,98.77,1.23,14517.0
miguel,6,99.47,0.53,14419.0
meline,6,0.0,100.0,14411.0
noelie,6,0.0,100.0,14345.0
yannis,6,99.6,0.4,14260.0
megane,6,0.0,100.0,14247.0
amelia,6,0.0,100.0,13507.0
alizee,6,0.0,100.0,13446.0
angelo,6,100.0,0.0,13115.0
samira,6,0.0,100.0,12981.0
giulia,6,0.0,100.0,12791.0
wassim,6,100.0,0.0,12638.0
octave,6,99.76,0.24,12273.0
marvin,6,100.0,0.0,11911.0
maissa,6,0.18,99.82,11633.0
rayane,6,98.56,1.44,11538.0
rejane,6,0.0,100.0,11493.0
karima,6,0.0,100.0,11311.0
judith,6,0.0,100.0,11244.0
dalila,6,0.0,100.0,11211.0
albane,6,0.0,100.0,11144.0
soline,6,0.0,100.0,11088.0
melvin,6,100.0,0.0,11076.0
mailys,6,0.0,100.0,11012.0
joshua,6,99.77,0.23,10784.0
alyssa,6,0.0,100.0,10665.0
kilian,6,100.0,0.0,10632.0
carlos,6,100.0,0.0,10609.0
ariane,6,0.0,100.0,10485.0
moussa,6,99.81,0.19,10462.0
ulysse,6,99.75,0.25,10416.0
clovis,6,100.0,0.0,10414.0
soraya,6,0.0,100.0,10286.0
melody,6,0.0,100.0,10280.0
oriane,6,0.0,100.0,10047.0
steeve,6,100.0,0.0,10022.0
gladys,6,0.0,100.0,10005.0
yamina,6,0.0,100.0,9994.0
orlane,6,0.4,99.6,9776.0
leonce,6,78.01,21.99,9699.0
vivien,6,99.67,0.33,9564.0
angela,6,0.0,100.0,9383.0
mariam,6,0.0,100.0,9373.0
chiara,6,0.0,100.0,9316.0
emeric,6,100.0,0.0,9281.0
daphne,6,0.0,100.0,9215.0
maryam,6,0.0,100.0,9185.0
rosine,6,0.0,100.0,9183.0
sirine,6,0.22,99.78,9180.0
dounia,6,0.0,100.0,9085.0
fatiha,6,0.0,100.0,9032.0
emilia,6,0.0,100.0,9003.0
brahim,6,100.0,0.0,8952.0
ismail,6,100.0,0.0,8766.0
firmin,6,98.36,1.64,8744.0
pamela,6,0.0,100.0,8736.0
honore,6,98.79,1.21,8687.0
farida,6,0.0,100.0,8534.0
amedee,6,92.71,7.29,8530.0
sandro,6,100.0,0.0,8509.0
kleber,6,100.0,0.0,8460.0
serena,6,0.0,100.0,8331.0
hector,6,100.0,0.0,8242.0
mourad,6,100.0,0.0,8166.0
elliot,6,99.7,0.3,8022.0
chaima,6,0.0,100.0,8016.0
gildas,6,97.73,2.27,8007.0
joanna,6,0.0,100.0,7998.0
selena,6,0.0,100.0,7978.0
celina,6,0.0,100.0,7951.0
nelson,6,100.0,0.0,7891.0
idriss,6,100.0,0.0,7763.0
naomie,6,0.0,100.0,7760.0
elouan,6,100.0,0.0,7557.0
gianni,6,100.0,0.0,7476.0
erwann,6,100.0,0.0,7452.0
marwan,6,100.0,0.0,7369.0
maylis,6,0.0,100.0,7244.0
noella,6,0.0,100.0,7178.0
nolann,6,100.0,0.0,7142.0
lolita,6,0.0,100.0,7104.0
nolhan,6,100.0,0.0,7076.0
djamel,6,100.0,0.0,7053.0
malone,6,96.3,3.7,6886.0
paloma,6,0.0,100.0,6732.0
edgard,6,98.95,1.05,6668.0
clelia,6,0.0,100.0,6630.0
walter,6,100.0,0.0,6591.0
amanda,6,0.0,100.0,6565.0
dorine,6,0.0,100.0,6471.0
salima,6,0.0,100.0,6367.0
irenee,6,69.88,30.12,6335.0
valery,6,87.4,12.6,6120.0
jessie,6,9.48,90.52,6105.0
solenn,6,0.48,99.52,6060.0
frantz,6,98.45,1.55,6058.0
youcef,6,100.0,0.0,6051.0
meriem,6,0.0,100.0,6002.0
mounir,6,100.0,0.0,5982.0
sofian,6,100.0,0.0,5980.0
ilyana,6,0.0,100.0,5873.0
warren,6,99.66,0.34,5861.0
maelie,6,0.0,100.0,5852.0
naelle,6,0.0,100.0,5697.0
hicham,6,100.0,0.0,5680.0
olympe,6,5.15,94.85,5673.0
alycia,6,0.0,100.0,5606.0
halima,6,0.0,100.0,5528.0
adrian,6,100.0,0.0,5510.0
celian,6,100.0,0.0,5482.0
shanna,6,0.0,100.0,5353.0
wesley,6,100.0,0.0,5307.0
hassan,6,100.0,0.0,5305.0
ashley,6,5.04,94.96,5257.0
yassin,6,100.0,0.0,5161.0
paulin,6,99.38,0.62,5149.0
imrane,6,99.59,0.41,5089.0
jamila,6,0.0,100.0,5081.0
thiago,6,100.0,0.0,5063.0
yousra,6,0.0,100.0,5045.0
melvyn,6,100.0,0.0,5044.0
soizic,6,1.03,98.97,5033.0
regina,6,0.0,100.0,5030.0
simeon,6,98.92,1.08,4723.0
tamara,6,0.0,100.0,4720.0
yaelle,6,0.0,100.0,4692.0
marley,6,80.56,19.44,4635.0
blaise,6,91.29,8.71,4616.0
rozenn,6,0.0,100.0,4607.0
hanane,6,0.0,100.0,4605.0
prisca,6,4.73,95.27,4587.0
mayssa,6,0.0,100.0,4580.0
aliyah,6,0.0,100.0,4576.0
hannah,6,0.0,100.0,4547.0
kelyan,6,100.0,0.0,4503.0
shaina,6,0.0,100.0,4495.0
urbain,6,95.44,4.56,4493.0
hocine,6,100.0,0.0,4384.0
calvin,6,100.0,0.0,4335.0
elvire,6,0.0,100.0,4302.0
fabian,6,100.0,0.0,4290.0
syrine,6,0.0,100.0,4268.0
brenda,6,0.0,100.0,4248.0
hayden,6,88.05,11.95,4209.0
loubna,6,0.0,100.0,4208.0
isaure,6,0.0,100.0,4169.0
lorena,6,0.0,100.0,4145.0
khalid,6,100.0,0.0,4108.0
janick,6,46.41,53.59,4103.0
mayron,6,100.0,0.0,4049.0
cassie,6,0.0,100.0,4043.0
emilio,6,100.0,0.0,4032.0
nasser,6,100.0,0.0,4031.0
kahina,6,0.0,100.0,4024.0
lauren,6,0.0,100.0,4015.0
latifa,6,0.0,100.0,4013.0
isabel,6,0.65,99.35,3996.0
meryem,6,0.0,100.0,3942.0
thalia,6,0.0,100.0,3919.0
sandie,6,0.62,99.38,3861.0
khalil,6,100.0,0.0,3844.0
marcus,6,100.0,0.0,3820.0
lorene,6,0.0,100.0,3814.0
milena,6,0.0,100.0,3811.0
landry,6,96.99,3.01,3787.0
haroun,6,100.0,0.0,3784.0
juline,6,0.0,100.0,3760.0
katell,6,0.0,100.0,3760.0
marlon,6,100.0,0.0,3736.0
andrew,6,100.0,0.0,3727.0
flavio,6,100.0,0.0,3718.0
alcide,6,99.29,0.71,3649.0
harold,6,100.0,0.0,3649.0
maelya,6,0.0,100.0,3634.0
ignace,6,89.01,10.99,3614.0
brayan,6,100.0,0.0,3585.0
mehmet,6,100.0,0.0,3573.0
ronald,6,100.0,0.0,3557.0
faycal,6,100.0,0.0,3532.0
valere,6,94.4,5.6,3517.0
gloria,6,0.0,100.0,3479.0
leanne,6,0.0,100.0,3462.0
lorine,6,0.0,100.0,3433.0
johana,6,0.0,100.0,3407.0
amalia,6,0.0,100.0,3404.0
melyna,6,0.0,100.0,3398.0
safiya,6,0.0,100.0,3372.0
ludwig,6,100.0,0.0,3347.0
vanina,6,0.0,100.0,3326.0
jayden,6,97.26,2.74,3323.0
jihane,6,0.0,100.0,3303.0
joanny,6,95.27,4.73,3301.0
sergio,6,100.0,0.0,3289.0
nabila,6,0.0,100.0,3261.0
sakina,6,0.0,100.0,3261.0
frieda,6,0.0,100.0,3235.0
joanne,6,2.17,97.83,3226.0
gatien,6,98.76,1.24,3220.0
iliana,6,0.0,100.0,3193.0
maxine,6,0.0,100.0,3193.0
kelian,6,100.0,0.0,3184.0
lazare,6,94.25,5.75,3180.0
louann,6,7.94,92.06,3174.0
layana,6,0.0,100.0,3172.0
maelia,6,0.0,100.0,3128.0
edward,6,100.0,0.0,3095.0
shayna,6,0.0,100.0,3075.0
tasnim,6,1.3,98.7,3075.0
pacome,6,98.17,1.83,3053.0
khaled,6,100.0,0.0,3049.0
kheira,6,0.0,100.0,3046.0
melyne,6,0.0,100.0,3036.0
elijah,6,92.5,7.5,3027.0
mounia,6,0.0,100.0,3015.0
emelie,6,0.0,100.0,3013.0
mikail,6,100.0,0.0,3006.0
stefan,6,100.0,0.0,2997.0
allain,6,100.0,0.0,2993.0
yanick,6,83.9,16.1,2987.0
jibril,6,100.0,0.0,2977.0
alyson,6,0.0,100.0,2955.0
eloane,6,0.0,100.0,2918.0
saliha,6,0.0,100.0,2906.0
jessim,6,100.0,0.0,2905.0
amadou,6,100.0,0.0,2903.0
wissem,6,77.52,22.48,2901.0
anouck,6,0.0,100.0,2879.0
ulrich,6,100.0,0.0,2849.0
kassim,6,100.0,0.0,2826.0
fadila,6,0.0,100.0,2813.0
aurele,6,91.32,8.68,2812.0
selene,6,0.0,100.0,2808.0
loucas,6,100.0,0.0,2789.0
houria,6,0.0,100.0,2787.0
wilson,6,100.0,0.0,2773.0
thimeo,6,100.0,0.0,2771.0
thelma,6,0.0,100.0,2770.0
aloyse,6,94.31,5.69,2741.0
jayson,6,100.0,0.0,2735.0
eliana,6,0.0,100.0,2734.0
adelie,6,0.0,100.0,2699.0
zeynep,6,0.0,100.0,2667.0
bianca,6,0.0,100.0,2648.0
yasser,6,100.0,0.0,2644.0
martha,6,0.0,100.0,2639.0
magaly,6,0.0,100.0,2625.0
florie,6,0.0,100.0,2622.0
brieuc,6,100.0,0.0,2621.0
bintou,6,0.0,100.0,2590.0
hichem,6,100.0,0.0,2579.0
cherif,6,100.0,0.0,2575.0
jennah,6,0.0,100.0,2574.0
monica,6,0.0,100.0,2561.0
shaima,6,0.0,100.0,2553.0
geraud,6,99.06,0.94,2542.0
arnold,6,100.0,0.0,2539.0
sharon,6,2.7,97.3,2521.0
stessy,6,3.76,96.24,2503.0
filipe,6,100.0,0.0,2502.0
aleyna,6,0.0,100.0,2499.0
kilyan,6,100.0,0.0,2496.0
nestor,6,93.52,6.48,2469.0
tifenn,6,8.04,91.96,2451.0
karina,6,0.0,100.0,2449.0
sidney,6,62.04,37.96,2445.0
anicet,6,92.13,7.87,2426.0
aloise,6,73.24,26.76,2425.0
aymane,6,100.0,0.0,2391.0
renald,6,100.0,0.0,2390.0
franco,6,100.0,0.0,2385.0
rosita,6,0.0,100.0,2379.0
raissa,6,0.0,100.0,2375.0
ursule,6,6.65,93.35,2360.0
wissam,6,81.27,18.73,2360.0
eleana,6,0.0,100.0,2358.0
edithe,6,0.0,100.0,2352.0
loanne,6,0.0,100.0,2342.0
mayeul,6,100.0,0.0,2333.0
george,6,72.29,27.71,2328.0
leonne,6,0.0,100.0,2301.0
mattis,6,100.0,0.0,2291.0
bachir,6,100.0,0.0,2290.0
maelan,6,95.69,4.31,2253.0
merlin,6,100.0,0.0,2237.0
claudy,6,62.72,37.28,2232.0
malory,6,16.4,83.6,2225.0
elisee,6,85.23,14.77,2221.0
habiba,6,0.0,100.0,2220.0
matias,6,100.0,0.0,2217.0
jassim,6,100.0,0.0,2213.0
loukas,6,100.0,0.0,2212.0
leelou,6,0.0,100.0,2211.0
cathie,6,0.0,100.0,2203.0
hafida,6,0.0,100.0,2194.0
assiya,6,0.0,100.0,2190.0
maelis,6,0.0,100.0,2190.0
fouzia,6,0.0,100.0,2186.0
maryne,6,0.0,100.0,2173.0
timote,6,100.0,0.0,2168.0
silvia,6,0.0,100.0,2162.0
yaniss,6,100.0,0.0,2156.0
lenaic,6,74.0,26.0,2150.0
chanel,6,1.17,98.83,2128.0
ayline,6,0.0,100.0,2120.0
hakima,6,0.0,100.0,2109.0
curtis,6,100.0,0.0,2101.0
lauryn,6,0.0,100.0,2094.0
marian,6,94.64,5.36,2090.0
chayma,6,0.0,100.0,2079.0
lounes,6,98.46,1.54,2079.0
virgil,6,100.0,0.0,2067.0
coumba,6,0.0,100.0,2064.0
jacquy,6,100.0,0.0,2062.0
sohane,6,7.38,92.62,2060.0
vivian,6,96.69,3.31,2053.0
sydney,6,41.55,58.45,2048.0
noelia,6,0.0,100.0,2039.0
achraf,6,98.53,1.47,2034.0
camila,6,0.0,100.0,2015.0
toufik,6,100.0,0.0,2015.0
alissa,6,0.0,100.0,2011.0
maiwen,6,7.12,92.88,2008.0
bertha,6,0.0,100.0,2003.0
gurvan,6,100.0,0.0,1994.0
thymeo,6,100.0,0.0,1990.0
lamine,6,100.0,0.0,1987.0
bertin,6,96.26,3.74,1981.0
lylian,6,98.92,1.08,1941.0
davina,6,0.0,100.0,1939.0
anouar,6,100.0,0.0,1933.0
keziah,6,71.89,28.11,1928.0
darius,6,100.0,0.0,1924.0
melisa,6,0.0,100.0,1924.0
kamila,6,0.0,100.0,1923.0
samson,6,94.43,5.57,1922.0
hassen,6,100.0,0.0,1916.0
youenn,6,100.0,0.0,1915.0
loevan,6,100.0,0.0,1914.0
milene,6,0.0,100.0,1912.0
sylvio,6,100.0,0.0,1912.0
mahaut,6,1.37,98.63,1893.0
audric,6,100.0,0.0,1892.0
nolwen,6,8.3,91.7,1892.0
othman,6,100.0,0.0,1891.0
leonor,6,4.24,95.76,1889.0
athena,6,0.0,100.0,1884.0
miloud,6,100.0,0.0,1883.0
marise,6,0.0,100.0,1868.0
oualid,6,100.0,0.0,1851.0
oliver,6,100.0,0.0,1839.0
farouk,6,100.0,0.0,1837.0
medine,6,64.56,35.44,1837.0
teresa,6,0.0,100.0,1837.0
milann,6,100.0,0.0,1822.0
meissa,6,4.34,95.66,1819.0
tobias,6,100.0,0.0,1819.0
billal,6,100.0,0.0,1811.0
ethann,6,100.0,0.0,1810.0
elvina,6,0.0,100.0,1809.0
soumia,6,0.0,100.0,1806.0
tifany,6,0.0,100.0,1805.0
debora,6,0.0,100.0,1797.0
kelvin,6,100.0,0.0,1784.0
ilyess,6,100.0,0.0,1780.0
leanna,6,0.0,100.0,1779.0
nawfel,6,100.0,0.0,1775.0
marvyn,6,100.0,0.0,1768.0
adonis,6,100.0,0.0,1764.0
hatice,6,0.0,100.0,1763.0
kawtar,6,0.0,100.0,1753.0
norman,6,100.0,0.0,1750.0
antoni,6,100.0,0.0,1745.0
cyndie,6,0.0,100.0,1739.0
djamal,6,100.0,0.0,1730.0
faouzi,6,100.0,0.0,1727.0
nacera,6,0.0,100.0,1722.0
nohlan,6,100.0,0.0,1718.0
eileen,6,0.0,100.0,1717.0
isaiah,6,98.42,1.58,1710.0
feriel,6,0.0,100.0,1709.0
medina,6,0.0,100.0,1706.0
marika,6,0.0,100.0,1694.0
yassir,6,100.0,0.0,1694.0
milhan,6,100.0,0.0,1693.0
kalvin,6,100.0,0.0,1686.0
miriam,6,0.0,100.0,1669.0
malick,6,100.0,0.0,1667.0
maelly,6,0.0,100.0,1665.0
janina,6,0.0,100.0,1662.0
melany,6,0.0,100.0,1657.0
mareva,6,0.0,100.0,1641.0
lenaig,6,1.29,98.71,1634.0
coleen,6,2.88,97.12,1631.0
sihame,6,0.0,100.0,1631.0
annita,6,0.0,100.0,1629.0
madjid,6,100.0,0.0,1618.0
cathia,6,0.0,100.0,1601.0
lyanna,6,0.0,100.0,1595.0
gerome,6,100.0,0.0,1592.0
nikita,6,33.04,66.96,1589.0
elyana,6,0.0,100.0,1577.0
taylor,6,70.38,29.62,1563.0
meriam,6,0.0,100.0,1560.0
mylann,6,98.65,1.35,1559.0
bakary,6,100.0,0.0,1554.0
anthea,6,0.0,100.0,1553.0
doryan,6,100.0,0.0,1553.0
joakim,6,100.0,0.0,1539.0
junior,6,100.0,0.0,1533.0
selyan,6,100.0,0.0,1531.0
yelena,6,0.0,100.0,1523.0
pietro,6,100.0,0.0,1520.0
viktor,6,100.0,0.0,1520.0
josian,6,100.0,0.0,1518.0
abdoul,6,100.0,0.0,1516.0
qassim,6,100.0,0.0,1516.0
amelle,6,0.0,100.0,1512.0
elvira,6,0.0,100.0,1509.0
maylie,6,0.0,100.0,1509.0
silvio,6,100.0,0.0,1509.0
philip,6,100.0,0.0,1505.0
nikola,6,98.4,1.6,1503.0
ainhoa,6,0.0,100.0,1501.0
merwan,6,100.0,0.0,1498.0
kayden,6,100.0,0.0,1489.0
lounis,6,100.0,0.0,1487.0
callie,6,0.0,100.0,1482.0
mohand,6,100.0,0.0,1476.0
elissa,6,0.0,100.0,1474.0
serine,6,0.0,100.0,1471.0
damian,6,100.0,0.0,1465.0
jannah,6,0.0,100.0,1459.0
natheo,6,100.0,0.0,1457.0
denyse,6,0.0,100.0,1446.0
oriana,6,0.0,100.0,1441.0
alexie,6,0.0,100.0,1432.0
kellya,6,0.0,100.0,1426.0
kendra,6,0.0,100.0,1426.0
ouarda,6,0.0,100.0,1406.0
celena,6,0.0,100.0,1394.0
duncan,6,100.0,0.0,1371.0
albine,6,0.0,100.0,1370.0
sigrid,6,0.0,100.0,1369.0
colyne,6,0.0,100.0,1368.0
yamine,6,100.0,0.0,1365.0
lohann,6,93.06,6.94,1355.0
timael,6,100.0,0.0,1353.0
elyssa,6,0.0,100.0,1346.0
hidaya,6,0.0,100.0,1346.0
zaynab,6,0.0,100.0,1346.0
ericka,6,0.0,100.0,1344.0
kathia,6,0.0,100.0,1344.0
feryel,6,0.0,100.0,1342.0
shayma,6,0.0,100.0,1341.0
sienna,6,0.0,100.0,1341.0
elyane,6,3.52,96.48,1334.0
tayron,6,100.0,0.0,1330.0
shirel,6,0.0,100.0,1317.0
louana,6,0.0,100.0,1315.0
jeremi,6,100.0,0.0,1314.0
leonel,6,100.0,0.0,1313.0
zayneb,6,0.0,100.0,1309.0
flavia,6,0.0,100.0,1308.0
soazig,6,0.0,100.0,1302.0
maella,6,0.0,100.0,1296.0
nessim,6,100.0,0.0,1293.0
daouda,6,100.0,0.0,1292.0
djenna,6,0.0,100.0,1274.0
willem,6,100.0,0.0,1272.0
mariem,6,0.0,100.0,1271.0
yolene,6,0.0,100.0,1268.0
billie,6,0.0,100.0,1262.0
wissal,6,3.25,96.75,1262.0
adelia,6,0.0,100.0,1247.0
malcom,6,100.0,0.0,1243.0
sofien,6,100.0,0.0,1238.0
jaouad,6,100.0,0.0,1237.0
leeloo,6,0.0,100.0,1232.0
mylena,6,0.0,100.0,1229.0
cyrine,6,0.0,100.0,1228.0
tesnim,6,0.0,100.0,1227.0
josefa,6,0.0,100.0,1224.0
dahlia,6,0.0,100.0,1220.0
fannie,6,0.0,100.0,1219.0
odille,6,0.0,100.0,1214.0
dilara,6,0.0,100.0,1209.0
maxens,6,100.0,0.0,1209.0
billel,6,100.0,0.0,1203.0
illona,6,0.0,100.0,1199.0
renato,6,100.0,0.0,1196.0
shanon,6,4.18,95.82,1195.0
werner,6,100.0,0.0,1194.0
hacene,6,100.0,0.0,1191.0
maddie,6,0.0,100.0,1191.0
cerise,6,0.0,100.0,1183.0
alwena,6,0.0,100.0,1181.0
cheikh,6,100.0,0.0,1167.0
darren,6,100.0,0.0,1164.0
leeroy,6,100.0,0.0,1161.0
furkan,6,100.0,0.0,1160.0
nicola,6,94.9,5.1,1157.0
auxane,6,9.6,90.4,1156.0
eusebe,6,81.6,18.4,1152.0
kieran,6,100.0,0.0,1150.0
lahcen,6,100.0,0.0,1140.0
nouria,6,0.0,100.0,1138.0
donald,6,100.0,0.0,1136.0
mattia,6,96.37,3.63,1131.0
thelio,6,100.0,0.0,1129.0
arthus,6,100.0,0.0,1126.0
ileana,6,0.0,100.0,1126.0
helios,6,100.0,0.0,1123.0
dawson,6,100.0,0.0,1122.0
aldric,6,100.0,0.0,1120.0
myriem,6,0.0,100.0,1120.0
thalya,6,0.0,100.0,1118.0
manolo,6,100.0,0.0,1116.0
thiery,6,100.0,0.0,1116.0
ondine,6,0.0,100.0,1109.0
sloane,6,10.69,89.31,1104.0
lizzie,6,0.0,100.0,1099.0
meryam,6,0.0,100.0,1098.0
clelie,6,0.0,100.0,1097.0
fleury,6,100.0,0.0,1097.0
steffy,6,0.0,100.0,1096.0
divine,6,5.84,94.16,1095.0
henria,6,0.0,100.0,1095.0
manoah,6,91.6,8.4,1095.0
chadia,6,0.0,100.0,1094.0
ilayda,6,0.0,100.0,1089.0
karene,6,0.0,100.0,1089.0
milana,6,0.0,100.0,1087.0
loelia,6,0.0,100.0,1086.0
annaig,6,0.0,100.0,1085.0
tylian,6,100.0,0.0,1082.0
chahid,6,100.0,0.0,1078.0
louiza,6,0.0,100.0,1076.0
medard,6,83.74,16.26,1076.0
janice,6,2.98,97.02,1073.0
ursula,6,0.0,100.0,1070.0
ilyass,6,100.0,0.0,1062.0
naoual,6,0.0,100.0,1062.0
ilhame,6,0.0,100.0,1061.0
israel,6,100.0,0.0,1061.0
aziliz,6,0.0,100.0,1059.0
hailey,6,13.69,86.31,1059.0
zeyneb,6,0.0,100.0,1056.0
sainte,6,38.58,61.42,1055.0
dayana,6,0.0,100.0,1046.0
gaspar,6,100.0,0.0,1043.0
sohann,6,94.06,5.94,1043.0
saloua,6,0.0,100.0,1042.0
andres,6,100.0,0.0,1040.0
klervi,6,0.0,100.0,1040.0
levana,6,0.0,100.0,1040.0
raquel,6,0.0,100.0,1039.0
amelya,6,0.0,100.0,1037.0
ramata,6,0.0,100.0,1031.0
malonn,6,100.0,0.0,1022.0
anaise,6,0.0,100.0,1015.0
serkan,6,100.0,0.0,1013.0
ariana,6,0.0,100.0,1005.0
rayhan,6,97.51,2.49,1003.0
maroua,6,0.0,100.0,1000.0
marie,5,1.19,98.81,2259135.0
andre,5,99.91,0.09,712818.0
louis,5,99.97,0.03,525486.0
alain,5,99.99,0.01,506944.0
roger,5,99.95,0.05,423794.0
henri,5,99.95,0.05,405832.0
david,5,99.96,0.04,313985.0
renee,5,0.03,99.97,221808.0
bruno,5,99.92,0.08,220771.0
serge,5,99.87,0.13,219396.0
julie,5,0.03,99.97,214549.0
annie,5,0.0,100.0,210144.0
lucie,5,0.06,99.94,206311.0
alice,5,0.05,99.95,198912.0
lucas,5,99.97,0.03,175872.0
manon,5,0.01,99.99,170436.0
sarah,5,0.02,99.98,170136.0
emile,5,99.89,0.11,168215.0
kevin,5,99.99,0.01,166822.0
jules,5,99.91,0.09,160115.0
chloe,5,0.03,99.97,158874.0
denis,5,99.96,0.04,153075.0
laura,5,0.01,99.99,148265.0
maria,5,0.05,99.95,140457.0
herve,5,99.98,0.02,139588.0
anais,5,0.0,100.0,135044.0
elise,5,0.48,99.52,121919.0
agnes,5,0.24,99.76,113225.0
clara,5,0.0,100.0,97776.0
odile,5,0.42,99.58,93515.0
aline,5,0.0,100.0,90430.0
simon,5,99.9,0.1,89917.0
cyril,5,100.0,0.0,88381.0
irene,5,2.19,97.81,83954.0
sonia,5,0.0,100.0,83557.0
laure,5,0.14,99.86,83520.0
fanny,5,0.0,100.0,80195.0
nadia,5,0.0,100.0,74198.0
julia,5,0.0,100.0,72889.0
nelly,5,0.04,99.96,70181.0
jacky,5,99.84,0.16,69252.0
dylan,5,99.95,0.05,67860.0
ethan,5,99.93,0.07,66845.0
regis,5,100.0,0.0,65596.0
cindy,5,0.03,99.97,64129.0
lydie,5,0.24,99.76,63365.0
yanis,5,99.94,0.06,61509.0
celia,5,0.0,100.0,60290.0
maeva,5,0.0,100.0,57856.0
edith,5,0.11,99.89,57050.0
sacha,5,94.06,5.94,56986.0
elisa,5,0.0,100.0,56106.0
robin,5,99.8,0.2,53384.0
felix,5,99.39,0.61,50604.0
ambre,5,0.1,99.9,50002.0
nolan,5,99.95,0.05,47915.0
paule,5,0.05,99.95,46293.0
mehdi,5,100.0,0.0,45570.0
adele,5,0.23,99.77,44212.0
lilou,5,0.05,99.95,43900.0
timeo,5,100.0,0.0,43388.0
gabin,5,99.63,0.37,43013.0
yoann,5,100.0,0.0,42498.0
erwan,5,99.92,0.08,39716.0
rayan,5,99.89,0.11,39498.0
karim,5,99.93,0.07,38465.0
louna,5,0.0,100.0,36937.0
jimmy,5,100.0,0.0,35889.0
johan,5,99.76,0.24,34772.0
reine,5,0.22,99.78,34184.0
elena,5,0.0,100.0,31757.0
lydia,5,0.0,100.0,31641.0
raoul,5,99.63,0.37,31171.0
katia,5,0.0,100.0,31070.0
linda,5,0.0,100.0,31028.0
anita,5,0.0,100.0,29541.0
aaron,5,99.86,0.14,29194.0
leila,5,0.0,100.0,29079.0
brice,5,99.5,0.5,28426.0
aimee,5,0.32,99.68,28165.0
alban,5,99.66,0.34,27521.0
sofia,5,0.0,100.0,27345.0
cathy,5,0.0,100.0,27332.0
carla,5,0.0,100.0,26393.0
lenny,5,98.84,1.16,26372.0
james,5,100.0,0.0,25936.0
kelly,5,1.45,98.55,25317.0
bryan,5,100.0,0.0,24648.0
yohan,5,100.0,0.0,24592.0
leone,5,1.12,98.88,24513.0
amine,5,98.87,1.13,24166.0
teddy,5,99.83,0.17,23635.0
oscar,5,100.0,0.0,23391.0
steve,5,100.0,0.0,22239.0
ahmed,5,100.0,0.0,21329.0
diane,5,0.0,100.0,21223.0
flora,5,0.42,99.58,20947.0
jason,5,100.0,0.0,20864.0
ilyes,5,100.0,0.0,20604.0
mateo,5,100.0,0.0,20013.0
diego,5,100.0,0.0,19732.0
tiago,5,100.0,0.0,19518.0
inaya,5,0.16,99.84,19036.0
leana,5,0.0,100.0,18926.0
willy,5,99.89,0.11,18633.0
kenza,5,0.0,100.0,18594.0
assia,5,0.0,100.0,18375.0
sandy,5,12.33,87.67,18151.0
farid,5,100.0,0.0,18065.0
leane,5,0.0,100.0,17766.0
peggy,5,0.42,99.58,17599.0
allan,5,100.0,0.0,17587.0
jessy,5,76.64,23.36,16891.0
samir,5,100.0,0.0,16773.0
isaac,5,100.0,0.0,16712.0
ayoub,5,100.0,0.0,16670.0
mario,5,99.69,0.31,16658.0
aicha,5,0.0,100.0,16615.0
sasha,5,57.33,42.67,16441.0
joris,5,100.0,0.0,16178.0
ronan,5,100.0,0.0,16083.0
boris,5,100.0,0.0,15818.0
ruben,5,100.0,0.0,15523.0
enora,5,0.0,100.0,15503.0
logan,5,99.08,0.92,15316.0
loris,5,99.59,0.41,15201.0
thais,5,7.79,92.21,15172.0
samia,5,0.0,100.0,14943.0
betty,5,0.0,100.0,14849.0
elias,5,100.0,0.0,14716.0
hamza,5,100.0,0.0,14690.0
pablo,5,100.0,0.0,14335.0
bilal,5,100.0,0.0,14280.0
zelie,5,0.0,100.0,14212.0
kenzo,5,100.0,0.0,14202.0
karen,5,0.35,99.65,13918.0
kamel,5,100.0,0.0,13794.0
wendy,5,3.55,96.45,13729.0
elina,5,0.0,100.0,13625.0
ninon,5,0.16,99.84,13545.0
amina,5,0.0,100.0,13324.0
louka,5,98.53,1.47,13070.0
ilona,5,0.0,100.0,12816.0
moise,5,98.89,1.11,12667.0
nabil,5,100.0,0.0,12589.0
flore,5,0.52,99.48,12043.0
malik,5,100.0,0.0,12004.0
walid,5,100.0,0.0,11844.0
imane,5,0.98,99.02,11780.0
henry,5,99.81,0.19,11765.0
milan,5,99.79,0.21,11682.0
lilia,5,0.0,100.0,11561.0
manel,5,2.21,97.79,11560.0
frank,5,100.0,0.0,11518.0
eliot,5,100.0,0.0,11399.0
imran,5,99.51,0.49,11324.0
lison,5,0.0,100.0,11302.0
fiona,5,0.0,100.0,11252.0
cesar,5,100.0,0.0,11030.0
romeo,5,100.0,0.0,11030.0
selma,5,0.0,100.0,10974.0
noham,5,100.0,0.0,10688.0
loane,5,0.84,99.16,10394.0
erika,5,0.0,100.0,10278.0
eline,5,0.0,100.0,10027.0
anouk,5,0.37,99.63,9858.0
hakim,5,100.0,0.0,9826.0
tania,5,0.0,100.0,9715.0
marin,5,99.23,0.77,9702.0
salim,5,100.0,0.0,9698.0
jenny,5,0.43,99.57,9646.0
nancy,5,0.0,100.0,9556.0
naima,5,0.0,100.0,9494.0
farah,5,0.79,99.21,9251.0
salma,5,0.0,100.0,9215.0
sohan,5,99.45,0.55,9195.0
lukas,5,100.0,0.0,9091.0
angel,5,90.02,9.98,9086.0
roman,5,100.0,0.0,9017.0
paola,5,0.0,100.0,8957.0
naomi,5,0.25,99.75,8914.0
livia,5,0.0,100.0,8878.0
lucia,5,0.0,100.0,8859.0
enola,5,0.0,100.0,8826.0
diana,5,0.0,100.0,8784.0
jonas,5,99.22,0.78,8764.0
tessa,5,0.0,100.0,8657.0
edgar,5,100.0,0.0,8613.0
shana,5,0.0,100.0,8547.0
fares,5,100.0,0.0,8450.0
lylou,5,0.0,100.0,8380.0
ayden,5,97.46,2.54,8043.0
fabio,5,100.0,0.0,8033.0
brian,5,100.0,0.0,8019.0
marco,5,100.0,0.0,8015.0
amira,5,0.0,100.0,8012.0
aymen,5,100.0,0.0,8007.0
paolo,5,100.0,0.0,7630.0
hanna,5,0.0,100.0,7627.0
marwa,5,0.0,100.0,7369.0
swann,5,71.53,28.47,7252.0
kenny,5,98.3,1.7,7246.0
maite,5,0.0,100.0,7161.0
fatma,5,0.0,100.0,7157.0
nawel,5,1.48,98.52,7083.0
rania,5,0.0,100.0,7055.0
erick,5,100.0,0.0,6900.0
alois,5,94.85,5.15,6838.0
aubin,5,98.37,1.63,6801.0
armel,5,93.24,6.76,6744.0
bilel,5,100.0,0.0,6688.0
jenna,5,0.0,100.0,6655.0
safia,5,0.0,100.0,6632.0
zohra,5,0.0,100.0,6628.0
ilyas,5,100.0,0.0,6619.0
hanae,5,0.0,100.0,6544.0
lyana,5,0.0,100.0,6504.0
paula,5,0.0,100.0,6405.0
matis,5,100.0,0.0,6306.0
laila,5,0.0,100.0,6117.0
colin,5,100.0,0.0,6090.0
nahil,5,100.0,0.0,6086.0
stacy,5,1.58,98.42,6022.0
naila,5,0.0,100.0,5985.0
selim,5,100.0,0.0,5863.0
tommy,5,100.0,0.0,5772.0
ilyan,5,100.0,0.0,5738.0
issam,5,100.0,0.0,5732.0
doris,5,5.63,94.37,5697.0
mandy,5,0.84,99.16,5625.0
lohan,5,98.2,1.8,5614.0
aliya,5,0.0,100.0,5561.0
harry,5,100.0,0.0,5509.0
livio,5,100.0,0.0,5503.0
lynda,5,0.0,100.0,5486.0
norah,5,0.0,100.0,5465.0
maude,5,0.39,99.61,5437.0
fleur,5,0.0,100.0,5391.0
albin,5,100.0,0.0,5389.0
chris,5,95.9,4.1,5339.0
peter,5,100.0,0.0,5317.0
nadir,5,100.0,0.0,5316.0
emily,5,0.0,100.0,5291.0
ilian,5,100.0,0.0,5290.0
pedro,5,100.0,0.0,5262.0
maely,5,0.0,100.0,5248.0
kelya,5,0.0,100.0,5228.0
siham,5,0.4,99.6,5221.0
fouad,5,100.0,0.0,5216.0
laury,5,14.1,85.9,5186.0
tymeo,5,100.0,0.0,5157.0
lilya,5,0.0,100.0,4996.0
sabri,5,100.0,0.0,4909.0
hajar,5,0.41,99.59,4895.0
leona,5,0.0,100.0,4880.0
lilly,5,0.0,100.0,4808.0
imene,5,0.0,100.0,4740.0
driss,5,100.0,0.0,4735.0
daisy,5,0.0,100.0,4726.0
anton,5,100.0,0.0,4687.0
alexy,5,98.27,1.73,4637.0
evann,5,99.57,0.43,4632.0
calie,5,0.0,100.0,4629.0
lalie,5,0.0,100.0,4625.0
abdel,5,100.0,0.0,4594.0
elyne,5,0.0,100.0,4590.0
kiara,5,0.0,100.0,4586.0
joana,5,0.0,100.0,4572.0
nelia,5,0.0,100.0,4563.0
luigi,5,100.0,0.0,4558.0
mylan,5,99.56,0.44,4557.0
kathy,5,0.0,100.0,4551.0
leyna,5,0.0,100.0,4531.0
edmee,5,0.63,99.37,4478.0
eddie,5,98.23,1.77,4460.0
aissa,5,84.23,15.77,4446.0
jamel,5,100.0,0.0,4380.0
joyce,5,13.13,86.87,4373.0
ilhan,5,100.0,0.0,4328.0
josue,5,100.0,0.0,4302.0
anael,5,60.51,39.49,4297.0
lilas,5,0.0,100.0,4250.0
nelya,5,0.0,100.0,4195.0
assya,5,0.0,100.0,4143.0
salah,5,100.0,0.0,4135.0
tracy,5,1.17,98.83,4102.0
nahel,5,97.77,2.23,4084.0
ilana,5,0.0,100.0,4019.0
paulo,5,100.0,0.0,4003.0
suzie,5,0.0,100.0,3997.0
elyes,5,100.0,0.0,3976.0
zahra,5,0.0,100.0,3958.0
hafsa,5,0.0,100.0,3956.0
grace,5,1.47,98.53,3952.0
ketty,5,0.0,100.0,3939.0
lamia,5,0.0,100.0,3917.0
solal,5,100.0,0.0,3915.0
yusuf,5,100.0,0.0,3907.0
kamil,5,100.0,0.0,3901.0
soren,5,99.23,0.77,3900.0
medhi,5,100.0,0.0,3888.0
neila,5,0.0,100.0,3886.0
elyna,5,0.0,100.0,3869.0
souad,5,0.8,99.2,3855.0
wanda,5,0.0,100.0,3846.0
neyla,5,0.0,100.0,3832.0
tarik,5,100.0,0.0,3795.0
saida,5,0.0,100.0,3791.0
melia,5,0.0,100.0,3785.0
elora,5,0.0,100.0,3776.0
yazid,5,100.0,0.0,3748.0
lubin,5,100.0,0.0,3739.0
hamid,5,100.0,0.0,3732.0
ilies,5,100.0,0.0,3713.0
malak,5,1.58,98.42,3677.0
matys,5,100.0,0.0,3671.0
elian,5,100.0,0.0,3669.0
terry,5,90.96,9.04,3662.0
ayman,5,100.0,0.0,3618.0
amand,5,100.0,0.0,3592.0
noura,5,0.0,100.0,3555.0
loann,5,73.77,26.23,3550.0
jawad,5,100.0,0.0,3549.0
maina,5,0.0,100.0,3535.0
elyas,5,100.0,0.0,3518.0
ellie,5,1.0,99.0,3502.0
carol,5,15.78,84.22,3499.0
adama,5,71.76,28.24,3474.0
aylan,5,100.0,0.0,3452.0
ilias,5,100.0,0.0,3452.0
monia,5,0.0,100.0,3431.0
erine,5,0.0,100.0,3397.0
idris,5,100.0,0.0,3397.0
zelia,5,0.0,100.0,3392.0
malek,5,70.92,29.08,3377.0
zineb,5,0.0,100.0,3366.0
meryl,5,11.43,88.57,3351.0
danny,5,81.8,18.2,3324.0
donia,5,0.0,100.0,3324.0
ruddy,5,100.0,0.0,3315.0
jacob,5,97.22,2.78,3306.0
kelia,5,0.0,100.0,3303.0
louca,5,99.24,0.76,3295.0
talia,5,0.0,100.0,3291.0
jordy,5,100.0,0.0,3251.0
sabah,5,0.8,99.2,3247.0
lylia,5,0.0,100.0,3244.0
jamal,5,100.0,0.0,3237.0
nayla,5,0.0,100.0,3229.0
josee,5,0.0,100.0,3225.0
liana,5,0.0,100.0,3225.0
habib,5,100.0,0.0,3204.0
yasin,5,100.0,0.0,3196.0
janna,5,0.0,100.0,3178.0
edwin,5,100.0,0.0,3177.0
prune,5,0.0,100.0,3165.0
milla,5,0.0,100.0,3154.0
morad,5,100.0,0.0,3150.0
celya,5,0.0,100.0,3133.0
maguy,5,0.0,100.0,3067.0
leina,5,0.0,100.0,3047.0
sanaa,5,0.0,100.0,3047.0
riyad,5,100.0,0.0,3036.0
orane,5,0.79,99.21,3033.0
barbe,5,13.1,86.9,3022.0
youri,5,100.0,0.0,3016.0
loick,5,100.0,0.0,2999.0
lenzo,5,100.0,0.0,2979.0
niels,5,100.0,0.0,2976.0
rabah,5,99.02,0.98,2970.0
leyla,5,0.0,100.0,2957.0
kenan,5,100.0,0.0,2946.0
heidi,5,9.09,90.91,2925.0
faiza,5,0.0,100.0,2915.0
irina,5,0.0,100.0,2906.0
nohan,5,100.0,0.0,2900.0
vadim,5,100.0,0.0,2888.0
kamal,5,100.0,0.0,2881.0
maxim,5,100.0,0.0,2881.0
oumar,5,100.0,0.0,2843.0
emmie,5,0.0,100.0,2841.0
anick,5,1.27,98.73,2838.0
aylin,5,0.0,100.0,2817.0
houda,5,0.0,100.0,2784.0
sihem,5,0.0,100.0,2774.0
ilham,5,4.33,95.67,2770.0
nawal,5,1.12,98.88,2770.0
erwin,5,100.0,0.0,2757.0
maddy,5,1.9,98.1,2742.0
angie,5,3.62,96.38,2734.0
dario,5,100.0,0.0,2717.0
jarod,5,100.0,0.0,2711.0
maily,5,0.0,100.0,2688.0
annik,5,0.0,100.0,2676.0
sonny,5,98.24,1.76,2663.0
jacki,5,100.0,0.0,2646.0
malia,5,0.0,100.0,2638.0
kessy,5,3.42,96.58,2601.0
kayla,5,0.0,100.0,2598.0
jorge,5,100.0,0.0,2597.0
ahmet,5,100.0,0.0,2594.0
fatou,5,0.0,100.0,2591.0
noele,5,0.0,100.0,2588.0
manoe,5,88.59,11.41,2586.0
fredy,5,100.0,0.0,2583.0
billy,5,98.84,1.16,2578.0
fanta,5,0.0,100.0,2576.0
taina,5,0.0,100.0,2565.0
mouna,5,0.0,100.0,2547.0
rahma,5,0.0,100.0,2516.0
lilie,5,0.0,100.0,2493.0
ikram,5,8.92,91.08,2477.0
delia,5,0.0,100.0,2453.0
bruce,5,100.0,0.0,2437.0
sahra,5,0.0,100.0,2426.0
youna,5,0.0,100.0,2425.0
tarek,5,100.0,0.0,2410.0
lorie,5,0.0,100.0,2405.0
gilda,5,3.33,96.67,2400.0
elona,5,0.0,100.0,2389.0
aidan,5,100.0,0.0,2384.0
aksel,5,98.87,1.13,2381.0
wyatt,5,100.0,0.0,2379.0
elvis,5,100.0,0.0,2364.0
vicky,5,5.17,94.83,2361.0
kaina,5,0.0,100.0,2356.0
mahdi,5,100.0,0.0,2350.0
oumou,5,0.0,100.0,2340.0
tyler,5,99.05,0.95,2328.0
perle,5,0.0,100.0,2326.0
tilio,5,100.0,0.0,2308.0
aiden,5,97.01,2.99,2305.0
islem,5,71.47,28.53,2303.0
alina,5,0.0,100.0,2301.0
sully,5,98.43,1.57,2300.0
vital,5,100.0,0.0,2300.0
candy,5,0.0,100.0,2296.0
maggy,5,0.0,100.0,2291.0
maela,5,0.0,100.0,2288.0
brune,5,0.0,100.0,2277.0
loise,5,0.0,100.0,2256.0
manoa,5,77.62,22.38,2248.0
stecy,5,2.89,97.11,2247.0
renan,5,100.0,0.0,2245.0
alana,5,0.0,100.0,2236.0
johny,5,100.0,0.0,2222.0
alida,5,0.0,100.0,2220.0
camil,5,100.0,0.0,2217.0
lahna,5,0.0,100.0,2208.0
lewis,5,100.0,0.0,2204.0
lidia,5,0.0,100.0,2199.0
anass,5,100.0,0.0,2195.0
ariel,5,82.54,17.46,2194.0
eloan,5,100.0,0.0,2171.0
olive,5,12.47,87.53,2166.0
luana,5,0.0,100.0,2162.0
ylann,5,100.0,0.0,2159.0
mehdy,5,100.0,0.0,2151.0
ivana,5,0.0,100.0,2141.0
lesly,5,9.29,90.71,2131.0
jesus,5,100.0,0.0,2119.0
ziyad,5,100.0,0.0,2118.0
julio,5,100.0,0.0,2117.0
alexa,5,0.0,100.0,2112.0
lexie,5,0.0,100.0,2103.0
hamed,5,100.0,0.0,2099.0
alize,5,0.0,100.0,2096.0
cassy,5,0.0,100.0,2095.0
irena,5,0.0,100.0,2089.0
karin,5,1.68,98.32,2084.0
luisa,5,0.0,100.0,2069.0
klara,5,0.0,100.0,2068.0
sindy,5,0.0,100.0,2067.0
murat,5,100.0,0.0,2059.0
nizar,5,100.0,0.0,2051.0
layla,5,0.0,100.0,2046.0
dalia,5,0.0,100.0,2045.0
fatih,5,100.0,0.0,2041.0
rabia,5,3.83,96.17,2038.0
tiana,5,1.87,98.13,2037.0
akram,5,100.0,0.0,2033.0
aziza,5,0.0,100.0,2020.0
ewenn,5,97.0,3.0,1998.0
yahya,5,100.0,0.0,1997.0
sevan,5,98.34,1.66,1989.0
hayat,5,0.0,100.0,1987.0
amael,5,96.78,3.22,1986.0
tahar,5,100.0,0.0,1985.0
aglae,5,0.0,100.0,1981.0
melya,5,0.0,100.0,1979.0
hasan,5,100.0,0.0,1976.0
maceo,5,100.0,0.0,1969.0
badis,5,100.0,0.0,1966.0
margo,5,0.0,100.0,1965.0
natan,5,100.0,0.0,1964.0
kyara,5,0.0,100.0,1956.0
jolan,5,100.0,0.0,1953.0
tomas,5,100.0,0.0,1944.0
ramzi,5,100.0,0.0,1939.0
sadia,5,2.79,97.21,1937.0
basma,5,0.0,100.0,1935.0
eliza,5,0.0,100.0,1930.0
rosie,5,0.0,100.0,1915.0
elyse,5,5.34,94.66,1910.0
deniz,5,66.07,33.93,1907.0
salem,5,98.74,1.26,1903.0
samba,5,100.0,0.0,1892.0
enael,5,100.0,0.0,1891.0
smail,5,100.0,0.0,1882.0
alexi,5,98.67,1.33,1873.0
megan,5,2.99,97.01,1872.0
hasna,5,0.0,100.0,1866.0
maena,5,0.0,100.0,1864.0
carlo,5,100.0,0.0,1862.0
asmaa,5,0.0,100.0,1843.0
alvin,5,100.0,0.0,1840.0
laina,5,0.0,100.0,1839.0
jodie,5,0.0,100.0,1838.0
noela,5,0.0,100.0,1835.0
randy,5,100.0,0.0,1829.0
merve,5,0.0,100.0,1828.0
melek,5,4.82,95.18,1827.0
aydan,5,97.21,2.79,1825.0
gwenn,5,35.33,64.67,1823.0
tyron,5,100.0,0.0,1818.0
manal,5,0.0,100.0,1790.0
amaya,5,0.0,100.0,1788.0
talya,5,0.0,100.0,1787.0
bruna,5,0.0,100.0,1785.0
ilann,5,100.0,0.0,1784.0
danae,5,0.0,100.0,1783.0
kader,5,92.07,7.93,1777.0
loona,5,0.0,100.0,1777.0
sibel,5,0.0,100.0,1776.0
yvann,5,100.0,0.0,1772.0
adame,5,95.06,4.94,1762.0
sekou,5,100.0,0.0,1760.0
illan,5,100.0,0.0,1756.0
iness,5,0.0,100.0,1747.0
melie,5,0.0,100.0,1747.0
arwen,5,2.82,97.18,1735.0
jaden,5,95.62,4.38,1734.0
lizea,5,0.0,100.0,1734.0
glenn,5,98.55,1.45,1723.0
elaia,5,0.0,100.0,1705.0
layna,5,0.0,100.0,1688.0
ralph,5,100.0,0.0,1685.0
kenji,5,98.4,1.6,1684.0
emine,5,10.71,89.29,1681.0
sarra,5,0.0,100.0,1679.0
lotfi,5,100.0,0.0,1677.0
erica,5,0.0,100.0,1672.0
osman,5,100.0,0.0,1667.0
selin,5,0.0,100.0,1667.0
dania,5,0.0,100.0,1659.0
elies,5,100.0,0.0,1656.0
noemi,5,0.0,100.0,1650.0
lelia,5,0.0,100.0,1649.0
assil,5,32.46,67.54,1645.0
scott,5,100.0,0.0,1640.0
ramon,5,100.0,0.0,1632.0
lorys,5,100.0,0.0,1629.0
tanya,5,0.0,100.0,1619.0
saint,5,91.41,8.59,1606.0
jerry,5,100.0,0.0,1601.0
franc,5,100.0,0.0,1597.0
suzon,5,2.94,97.06,1596.0
kayna,5,0.0,100.0,1584.0
pilar,5,0.0,100.0,1583.0
najib,5,100.0,0.0,1579.0
denys,5,100.0,0.0,1560.0
bella,5,0.0,100.0,1559.0
jonah,5,100.0,0.0,1556.0
naomy,5,0.0,100.0,1555.0
rafik,5,100.0,0.0,1554.0
zahia,5,0.0,100.0,1554.0
ishaq,5,100.0,0.0,1553.0
cylia,5,0.0,100.0,1547.0
majid,5,100.0,0.0,1546.0
berat,5,100.0,0.0,1541.0
ylies,5,100.0,0.0,1541.0
malou,5,9.25,90.75,1535.0
louan,5,85.71,14.29,1533.0
daryl,5,100.0,0.0,1528.0
garry,5,100.0,0.0,1524.0
ishak,5,100.0,0.0,1524.0
briac,5,100.0,0.0,1521.0
semih,5,100.0,0.0,1521.0
solen,5,10.18,89.82,1513.0
demba,5,100.0,0.0,1512.0
celie,5,0.0,100.0,1507.0
alyah,5,0.0,100.0,1506.0
eyden,5,92.56,7.44,1506.0
jawed,5,100.0,0.0,1504.0
halim,5,100.0,0.0,1499.0
eymen,5,100.0,0.0,1496.0
hakan,5,100.0,0.0,1494.0
noemy,5,0.0,100.0,1492.0
larbi,5,100.0,0.0,1484.0
ilhem,5,0.0,100.0,1477.0
israa,5,0.0,100.0,1468.0
amaia,5,0.0,100.0,1463.0
doria,5,0.0,100.0,1463.0
ranya,5,0.0,100.0,1463.0
binta,5,0.0,100.0,1462.0
hilal,5,32.69,67.31,1459.0
sammy,5,100.0,0.0,1451.0
zakia,5,0.0,100.0,1447.0
malya,5,0.0,100.0,1446.0
erell,5,0.0,100.0,1443.0
nacim,5,100.0,0.0,1441.0
noria,5,0.0,100.0,1441.0
dilan,5,75.28,24.72,1440.0
sadio,5,41.31,58.69,1433.0
aisha,5,0.0,100.0,1432.0
maher,5,100.0,0.0,1432.0
jordi,5,100.0,0.0,1431.0
molly,5,0.0,100.0,1429.0
tylio,5,100.0,0.0,1426.0
meddy,5,97.88,2.12,1418.0
hafid,5,100.0,0.0,1410.0
mewen,5,97.02,2.98,1409.0
amani,5,11.13,88.87,1401.0
jalil,5,100.0,0.0,1399.0
amara,5,61.76,38.24,1386.0
ayana,5,0.0,100.0,1385.0
zaina,5,0.0,100.0,1377.0
najat,5,0.0,100.0,1373.0
keren,5,2.56,97.44,1369.0
amede,5,100.0,0.0,1367.0
hanan,5,0.0,100.0,1355.0
lorna,5,0.0,100.0,1355.0
islam,5,81.63,18.37,1350.0
aelys,5,0.0,100.0,1348.0
ahlem,5,0.0,100.0,1340.0
nacer,5,100.0,0.0,1339.0
djena,5,0.0,100.0,1332.0
lehna,5,0.0,100.0,1329.0
rohan,5,100.0,0.0,1321.0
daria,5,0.0,100.0,1320.0
telio,5,100.0,0.0,1319.0
ianis,5,100.0,0.0,1314.0
liyah,5,0.0,100.0,1313.0
radia,5,0.0,100.0,1313.0
frida,5,0.0,100.0,1309.0
janis,5,34.99,65.01,1309.0
medhy,5,100.0,0.0,1306.0
april,5,0.0,100.0,1304.0
lyvia,5,0.0,100.0,1300.0
sanae,5,0.0,100.0,1298.0
dalil,5,100.0,0.0,1297.0
kenjy,5,97.76,2.24,1295.0
maloe,5,16.23,83.77,1294.0
aloys,5,100.0,0.0,1292.0
melih,5,100.0,0.0,1283.0
karla,5,0.0,100.0,1279.0
kenzy,5,71.75,28.25,1278.0
kaiss,5,100.0,0.0,1272.0
othon,5,100.0,0.0,1272.0
siloe,5,5.36,94.64,1269.0
hilda,5,0.0,100.0,1268.0
jesse,5,96.29,3.71,1268.0
insaf,5,0.0,100.0,1259.0
tayeb,5,100.0,0.0,1256.0
majda,5,0.0,100.0,1254.0
yunus,5,100.0,0.0,1254.0
sinan,5,100.0,0.0,1238.0
silas,5,100.0,0.0,1235.0
soane,5,29.39,70.61,1235.0
haron,5,100.0,0.0,1225.0
emrys,5,100.0,0.0,1221.0
donat,5,91.22,8.78,1219.0
lisea,5,0.0,100.0,1217.0
ciara,5,0.0,100.0,1214.0
dayan,5,100.0,0.0,1214.0
elysa,5,0.0,100.0,1214.0
joele,5,0.0,100.0,1213.0
alixe,5,0.0,100.0,1211.0
soann,5,95.87,4.13,1211.0
neela,5,0.0,100.0,1210.0
lenna,5,0.0,100.0,1205.0
safaa,5,0.0,100.0,1202.0
enoha,5,92.22,7.78,1195.0
anaya,5,0.0,100.0,1194.0
jehan,5,97.57,2.43,1193.0
ellen,5,4.04,95.96,1188.0
aedan,5,100.0,0.0,1179.0
mendy,5,38.27,61.73,1176.0
siana,5,0.0,100.0,1173.0
annic,5,0.0,100.0,1170.0
zehra,5,0.0,100.0,1156.0
evans,5,100.0,0.0,1152.0
hatem,5,100.0,0.0,1148.0
nahia,5,0.0,100.0,1148.0
franz,5,100.0,0.0,1142.0
liham,5,100.0,0.0,1142.0
melis,5,1.85,98.15,1138.0
amjad,5,100.0,0.0,1136.0
smain,5,100.0,0.0,1136.0
diogo,5,100.0,0.0,1135.0
nella,5,0.0,100.0,1134.0
lelio,5,100.0,0.0,1133.0
beryl,5,18.82,81.18,1132.0
solan,5,100.0,0.0,1130.0
ethel,5,0.0,100.0,1127.0
ahmad,5,100.0,0.0,1124.0
shawn,5,100.0,0.0,1123.0
alais,5,0.0,100.0,1121.0
fatna,5,0.0,100.0,1119.0
hania,5,0.0,100.0,1108.0
oihan,5,100.0,0.0,1104.0
maram,5,0.0,100.0,1101.0
nateo,5,100.0,0.0,1101.0
ylona,5,0.0,100.0,1100.0
nessa,5,0.0,100.0,1095.0
ozlem,5,0.0,100.0,1082.0
sloan,5,97.41,2.59,1081.0
katie,5,0.0,100.0,1080.0
lilio,5,100.0,0.0,1077.0
keran,5,100.0,0.0,1068.0
daoud,5,100.0,0.0,1065.0
foued,5,100.0,0.0,1061.0
dante,5,100.0,0.0,1058.0
larry,5,100.0,0.0,1058.0
guido,5,100.0,0.0,1057.0
fathi,5,100.0,0.0,1052.0
warda,5,0.0,100.0,1049.0
lorik,5,100.0,0.0,1047.0
abdou,5,100.0,0.0,1046.0
selen,5,0.0,100.0,1046.0
loana,5,0.0,100.0,1043.0
kenzi,5,94.05,5.95,1042.0
janny,5,40.77,59.23,1040.0
keyla,5,0.0,100.0,1039.0
nazim,5,100.0,0.0,1038.0
aimie,5,0.0,100.0,1036.0
hatim,5,100.0,0.0,1026.0
karel,5,77.39,22.61,1026.0
aurel,5,100.0,0.0,1025.0
salwa,5,0.0,100.0,1024.0
kerim,5,100.0,0.0,1020.0
elody,5,0.0,100.0,1017.0
yahia,5,100.0,0.0,1015.0
lysea,5,0.0,100.0,1010.0
betul,5,0.0,100.0,1009.0
juana,5,0.0,100.0,1009.0
louay,5,100.0,0.0,1007.0
moira,5,0.0,100.0,1007.0
burak,5,100.0,0.0,1003.0
hayet,5,0.0,100.0,1000.0
jean,4,99.97,0.03,1914606.0
rene,4,99.92,0.08,516655.0
paul,4,99.96,0.04,421674.0
anne,4,0.09,99.91,364708.0
eric,4,100.0,0.0,320906.0
marc,4,99.89,0.11,237880.0
yves,4,99.88,0.12,229624.0
emma,4,0.12,99.88,162526.0
joel,4,99.95,0.05,146826.0
hugo,4,100.0,0.0,145776.0
leon,4,99.9,0.1,125774.0
theo,4,100.0,0.0,125644.0
anna,4,0.0,100.0,117002.0
enzo,4,99.94,0.06,115494.0
ines,4,0.03,99.97,111545.0
loic,4,100.0,0.0,106453.0
rose,4,0.28,99.72,105712.0
jade,4,0.28,99.72,94495.0
remi,4,99.88,0.12,90857.0
yann,4,99.93,0.07,86292.0
axel,4,99.75,0.25,84008.0
remy,4,99.85,0.15,74530.0
lola,4,0.0,100.0,72630.0
adam,4,99.85,0.15,70103.0
lisa,4,0.0,100.0,68008.0
mael,4,98.95,1.05,64414.0
lina,4,0.0,100.0,64229.0
lena,4,0.0,100.0,64214.0
noah,4,99.24,0.76,59102.0
jose,4,97.27,2.73,59037.0
noel,4,99.68,0.32,51875.0
tony,4,99.93,0.07,51731.0
elsa,4,0.0,100.0,46954.0
elie,4,97.7,2.3,45924.0
evan,4,99.9,0.1,44803.0
nina,4,0.0,100.0,42980.0
yvon,4,100.0,0.0,40535.0
aime,4,99.62,0.38,40063.0
maud,4,0.0,100.0,37648.0
liam,4,99.66,0.34,36897.0
lise,4,0.0,100.0,36497.0
gael,4,97.57,2.43,35284.0
alix,4,24.84,75.16,34342.0
aude,4,0.39,99.61,31553.0
alex,4,98.3,1.7,31342.0
eden,4,63.28,36.72,29685.0
yvan,4,100.0,0.0,27261.0
sara,4,0.09,99.91,26920.0
mila,4,0.0,100.0,26764.0
abel,4,99.27,0.73,26329.0
dany,4,69.74,30.26,25859.0
luna,4,0.0,100.0,25229.0
eddy,4,99.83,0.17,24762.0
olga,4,0.67,99.33,24653.0
lana,4,0.0,100.0,24563.0
nael,4,98.7,1.3,23279.0
nora,4,0.0,100.0,21228.0
ange,4,87.86,12.14,21201.0
lily,4,0.0,100.0,21078.0
alan,4,100.0,0.0,20449.0
rudy,4,99.67,0.33,20446.0
malo,4,99.6,0.4,19157.0
ryan,4,99.89,0.11,18917.0
rosa,4,0.19,99.81,17880.0
cloe,4,0.0,100.0,17566.0
samy,4,100.0,0.0,17529.0
nino,4,99.69,0.31,17486.0
noam,4,99.27,0.73,17184.0
iris,4,0.94,99.06,16279.0
yoan,4,100.0,0.0,16225.0
kais,4,99.87,0.13,16158.0
lila,4,0.0,100.0,16082.0
luca,4,99.81,0.19,15479.0
maya,4,0.0,100.0,14870.0
nour,4,8.81,91.19,14772.0
amir,4,100.0,0.0,14587.0
john,4,100.0,0.0,14244.0
jack,4,100.0,0.0,14155.0
sami,4,100.0,0.0,14103.0
line,4,0.0,100.0,14094.0
romy,4,0.77,99.23,14074.0
loan,4,85.27,14.73,14071.0
elea,4,0.0,100.0,13930.0
lyna,4,0.0,100.0,13444.0
ilan,4,100.0,0.0,13249.0
irma,4,0.54,99.46,13061.0
emmy,4,0.0,100.0,12974.0
come,4,98.39,1.61,12639.0
said,4,100.0,0.0,12501.0
andy,4,98.57,1.43,12267.0
ewen,4,99.58,0.42,12177.0
naim,4,100.0,0.0,12133.0
amel,4,1.1,98.9,12044.0
owen,4,100.0,0.0,11574.0
milo,4,99.59,0.41,11212.0
lois,4,69.43,30.57,11151.0
omar,4,100.0,0.0,11134.0
lyam,4,99.28,0.72,10892.0
adem,4,100.0,0.0,10880.0
clea,4,0.0,100.0,10605.0
lara,4,0.0,100.0,10547.0
luka,4,99.7,0.3,10443.0
soan,4,99.48,0.52,10418.0
karl,4,100.0,0.0,10299.0
eloi,4,98.98,1.02,10243.0
thea,4,0.0,100.0,10209.0
mahe,4,86.66,13.34,10159.0
elia,4,4.44,95.56,9816.0
anis,4,99.39,0.61,9805.0
ivan,4,100.0,0.0,9574.0
anas,4,100.0,0.0,9533.0
davy,4,99.45,0.55,9475.0
elio,4,100.0,0.0,9371.0
luis,4,100.0,0.0,9311.0
anny,4,0.0,100.0,9255.0
juan,4,100.0,0.0,9045.0
anae,4,0.0,100.0,9023.0
yael,4,51.7,48.3,8997.0
leny,4,98.48,1.52,8934.0
adel,4,99.7,0.3,8678.0
luce,4,7.36,92.64,8614.0
asma,4,0.0,100.0,8587.0
mike,4,100.0,0.0,8582.0
tess,4,0.0,100.0,8581.0
lucy,4,0.0,100.0,8478.0
jane,4,0.0,100.0,8312.0
sana,4,0.77,99.23,8146.0
dina,4,0.5,99.5,8139.0
issa,4,99.56,0.44,7976.0
joan,4,86.38,13.62,7969.0
rita,4,0.0,100.0,7944.0
ella,4,0.0,100.0,7680.0
nils,4,100.0,0.0,7085.0
alya,4,0.0,100.0,7042.0
maia,4,0.0,100.0,6940.0
lili,4,0.0,100.0,6902.0
mary,4,15.16,84.84,6794.0
mina,4,0.82,99.18,6678.0
katy,4,0.0,100.0,6661.0
omer,4,97.67,2.33,6568.0
amar,4,100.0,0.0,6488.0
ewan,4,100.0,0.0,6436.0
lino,4,100.0,0.0,6393.0
gino,4,100.0,0.0,6385.0
laly,4,0.0,100.0,6156.0
cleo,4,10.76,89.24,5818.0
reda,4,100.0,0.0,5708.0
gina,4,0.0,100.0,5703.0
mona,4,0.0,100.0,5598.0
ylan,4,100.0,0.0,5494.0
hawa,4,0.0,100.0,5486.0
gary,4,100.0,0.0,5457.0
suzy,4,0.0,100.0,5457.0
wael,4,100.0,0.0,5389.0
carl,4,100.0,0.0,5348.0
adil,4,100.0,0.0,5327.0
elya,4,0.88,99.12,5226.0
ezio,4,100.0,0.0,4984.0
swan,4,88.47,11.53,4968.0
hana,4,0.0,100.0,4827.0
elif,4,0.0,100.0,4478.0
gaby,4,47.31,52.69,4416.0
alma,4,0.0,100.0,4364.0
fred,4,99.4,0.6,4340.0
yuna,4,0.0,100.0,4271.0
ryad,4,100.0,0.0,4231.0
emna,4,0.0,100.0,4117.0
tina,4,0.0,100.0,4111.0
emie,4,0.0,100.0,4089.0
leia,4,0.0,100.0,4053.0
safa,4,1.57,98.43,4025.0
alia,4,0.53,99.47,3994.0
jany,4,42.13,57.87,3890.0
hind,4,0.0,100.0,3870.0
jana,4,0.0,100.0,3849.0
hedi,4,100.0,0.0,3844.0
nais,4,2.89,97.11,3838.0
yoni,4,100.0,0.0,3826.0
aziz,4,100.0,0.0,3819.0
emir,4,100.0,0.0,3804.0
joao,4,100.0,0.0,3797.0
akim,4,100.0,0.0,3742.0
aida,4,0.0,100.0,3739.0
myla,4,0.0,100.0,3716.0
joey,4,86.95,13.05,3616.0
imen,4,0.0,100.0,3609.0
aldo,4,100.0,0.0,3586.0
amal,4,3.46,96.54,3581.0
paco,4,100.0,0.0,3552.0
amin,4,100.0,0.0,3534.0
enes,4,100.0,0.0,3390.0
noha,4,78.51,21.49,3364.0
tino,4,100.0,0.0,3329.0
nail,4,100.0,0.0,3311.0
igor,4,100.0,0.0,3279.0
izia,4,0.0,100.0,3259.0
nell,4,5.98,94.02,3243.0
stan,4,100.0,0.0,3234.0
naya,4,0.0,100.0,3194.0
alba,4,0.0,100.0,3170.0
iyad,4,100.0,0.0,3157.0
liza,4,0.0,100.0,3144.0
iman,4,6.72,93.28,3142.0
imad,4,100.0,0.0,3093.0
tara,4,0.65,99.35,3075.0
lyne,4,0.0,100.0,3067.0
erik,4,100.0,0.0,2995.0
roch,4,97.74,2.26,2965.0
ruth,4,0.0,100.0,2918.0
esma,4,0.0,100.0,2911.0
liya,4,0.0,100.0,2905.0
riad,4,100.0,0.0,2845.0
emre,4,100.0,0.0,2800.0
erna,4,0.0,100.0,2737.0
isis,4,0.0,100.0,2686.0
matt,4,100.0,0.0,2677.0
nada,4,0.0,100.0,2674.0
lyse,4,0.0,100.0,2639.0
naia,4,0.0,100.0,2623.0
sean,4,100.0,0.0,2598.0
noan,4,92.87,7.13,2594.0
zina,4,0.0,100.0,2588.0
aria,4,1.49,98.51,2552.0
toni,4,97.16,2.84,2532.0
lyes,4,100.0,0.0,2501.0
lysa,4,0.0,100.0,2469.0
arya,4,3.46,96.54,2459.0
loup,4,97.5,2.5,2444.0
neil,4,98.52,1.48,2438.0
gaia,4,0.87,99.13,2415.0
erin,4,1.44,98.56,2355.0
miya,4,0.0,100.0,2324.0
saad,4,100.0,0.0,2288.0
ayse,4,0.0,100.0,2284.0
isra,4,0.0,100.0,2280.0
lyla,4,0.0,100.0,2238.0
dana,4,2.11,97.89,2230.0
iyed,4,100.0,0.0,2215.0
cali,4,7.72,92.28,2188.0
arno,4,100.0,0.0,2183.0
noor,4,7.18,92.82,2172.0
hans,4,100.0,0.0,2161.0
aron,4,100.0,0.0,2128.0
abby,4,0.0,100.0,2060.0
mark,4,100.0,0.0,2060.0
dora,4,0.0,100.0,2050.0
leni,4,92.33,7.67,2048.0
hiba,4,0.0,100.0,2046.0
fany,4,0.0,100.0,2043.0
mady,4,48.17,51.83,2018.0
yona,4,9.29,90.71,2012.0
iban,4,100.0,0.0,2009.0
leya,4,0.0,100.0,1993.0
june,4,1.92,98.08,1983.0
nola,4,2.63,97.37,1980.0
assa,4,0.0,100.0,1968.0
ziad,4,100.0,0.0,1934.0
elyo,4,100.0,0.0,1871.0
zayd,4,100.0,0.0,1835.0
soen,4,100.0,0.0,1827.0
eren,4,100.0,0.0,1820.0
tomy,4,100.0,0.0,1767.0
esra,4,0.0,100.0,1765.0
nans,4,100.0,0.0,1765.0
baya,4,0.0,100.0,1750.0
azra,4,0.0,100.0,1724.0
jude,4,88.6,11.4,1719.0
wail,4,100.0,0.0,1716.0
zora,4,0.0,100.0,1716.0
kyle,4,100.0,0.0,1712.0
zack,4,100.0,0.0,1697.0
mira,4,0.0,100.0,1657.0
nisa,4,0.0,100.0,1650.0
ania,4,0.0,100.0,1648.0
tais,4,22.2,77.8,1640.0
luke,4,100.0,0.0,1610.0
elza,4,0.0,100.0,1603.0
alec,4,100.0,0.0,1596.0
anes,4,100.0,0.0,1595.0
etan,4,100.0,0.0,1587.0
gery,4,100.0,0.0,1581.0
anya,4,0.0,100.0,1572.0
jeff,4,100.0,0.0,1572.0
aimy,4,0.0,100.0,1570.0
lyah,4,0.0,100.0,1561.0
rony,4,98.59,1.41,1558.0
vera,4,0.0,100.0,1553.0
ayla,4,0.0,100.0,1548.0
wafa,4,0.0,100.0,1534.0
dino,4,100.0,0.0,1528.0
asya,4,0.0,100.0,1527.0
sony,4,97.0,3.0,1499.0
aina,4,7.8,92.2,1474.0
kays,4,100.0,0.0,1470.0
even,4,96.04,3.96,1465.0
rida,4,96.02,3.98,1458.0
lynn,4,0.0,100.0,1451.0
rina,4,0.0,100.0,1441.0
ezra,4,90.66,9.34,1435.0
leah,4,0.0,100.0,1422.0
enea,4,4.46,95.54,1414.0
numa,4,98.35,1.65,1397.0
badr,4,100.0,0.0,1394.0
taha,4,100.0,0.0,1382.0
levi,4,100.0,0.0,1369.0
zyad,4,100.0,0.0,1369.0
yara,4,0.0,100.0,1359.0
zayn,4,100.0,0.0,1356.0
arda,4,100.0,0.0,1349.0
nuno,4,100.0,0.0,1342.0
sidi,4,100.0,0.0,1327.0
sven,4,100.0,0.0,1318.0
ruby,4,2.59,97.41,1312.0
kaan,4,100.0,0.0,1311.0
ynes,4,0.0,100.0,1301.0
idir,4,100.0,0.0,1298.0
levy,4,100.0,0.0,1272.0
keny,4,100.0,0.0,1248.0
kloe,4,0.0,100.0,1243.0
rami,4,100.0,0.0,1235.0
yani,4,100.0,0.0,1231.0
irem,4,0.0,100.0,1229.0
lory,4,23.51,76.49,1225.0
thao,4,95.05,4.95,1213.0
ayah,4,0.0,100.0,1198.0
haby,4,0.0,100.0,1197.0
enza,4,0.0,100.0,1191.0
adan,4,100.0,0.0,1188.0
sira,4,0.0,100.0,1181.0
lora,4,0.0,100.0,1152.0
laia,4,0.0,100.0,1151.0
dave,4,100.0,0.0,1142.0
rosy,4,0.0,100.0,1134.0
ysee,4,0.0,100.0,1124.0
lony,4,95.36,4.64,1099.0
awen,4,77.1,22.9,1083.0
joud,4,76.21,23.79,1076.0
inna,4,0.0,100.0,1071.0
elly,4,10.56,89.44,1061.0
laya,4,0.0,100.0,1058.0
raja,4,5.01,94.99,1058.0
ozan,4,100.0,0.0,1046.0
else,4,0.0,100.0,1026.0
enis,4,100.0,0.0,1021.0
josy,4,17.83,82.17,1021.0
kurt,4,100.0,0.0,1009.0
mama,4,2.88,97.12,1007.0
zara,4,0.0,100.0,1003.0
guy,3,99.92,0.08,265940.0
lea,3,0.08,99.92,209234.0
leo,3,99.85,0.15,115524.0
eva,3,0.02,99.98,88787.0
tom,3,100.0,0.0,86905.0
zoe,3,0.54,99.46,67149.0
luc,3,99.81,0.19,65305.0
lou,3,6.74,93.26,47937.0
noe,3,99.79,0.21,43940.0
max,3,99.72,0.28,39681.0
noa,3,84.15,15.85,36496.0
ali,3,99.88,0.12,27551.0
mia,3,0.0,100.0,18697.0
aya,3,0.0,100.0,16273.0
eve,3,0.0,100.0,16154.0
ida,3,0.72,99.28,14740.0
emy,3,0.2,99.8,14693.0
ana,3,0.0,100.0,11278.0
mae,3,56.24,43.76,10828.0
ugo,3,100.0,0.0,10760.0
lya,3,0.0,100.0,10712.0
teo,3,100.0,0.0,9877.0
mya,3,0.0,100.0,9575.0
joy,3,5.88,94.12,6706.0
tim,3,100.0,0.0,6701.0
kim,3,19.17,80.83,6422.0
sam,3,91.82,8.18,6403.0
ava,3,0.0,100.0,5997.0
ema,3,0.0,100.0,5711.0
yan,3,99.47,0.53,5131.0
lia,3,0.0,100.0,5036.0
tao,3,98.82,1.18,4654.0
dan,3,99.11,0.89,4588.0
gil,3,97.91,2.09,3681.0
amy,3,0.0,100.0,3639.0
awa,3,0.0,100.0,3274.0
neo,3,100.0,0.0,3262.0
pol,3,100.0,0.0,3149.0
jad,3,96.65,3.35,2983.0
pia,3,0.0,100.0,2820.0
joe,3,91.19,8.81,2758.0
jim,3,100.0,0.0,2718.0
ben,3,99.03,0.97,2567.0
tea,3,0.0,100.0,2392.0
ela,3,0.0,100.0,2250.0
liv,3,0.0,100.0,2164.0
ian,3,100.0,0.0,1957.0
rim,3,0.0,100.0,1925.0
evy,3,2.1,97.9,1861.0
rui,3,100.0,0.0,1807.0
tia,3,0.0,100.0,1783.0
eli,3,96.67,3.33,1773.0
eda,3,0.0,100.0,1703.0
jan,3,100.0,0.0,1676.0
zia,3,0.0,100.0,1664.0
abd,3,100.0,0.0,1585.0
ely,3,61.69,38.31,1527.0
eya,3,0.0,100.0,1476.0
rym,3,0.0,100.0,1457.0
thi,3,0.0,100.0,1409.0
nil,3,70.39,29.61,1388.0
don,3,100.0,0.0,1378.0
may,3,1.66,98.34,1323.0
ken,3,100.0,0.0,1321.0
liz,3,0.0,100.0,1271.0
tya,3,0.0,100.0,1270.0
ada,3,5.9,94.1,1153.0
mai,3,2.33,97.67,1032.0
